index,Name,Smiles,standard_smiles,selfies,inchi,inchikey
0,FUSIDIC ACID,CC(=O)O[C@H]1C[C@@]2(C)[C@@H](C[C@@H](O)[C@H]3[C@@]4(C)CC[C@@H](O)[C@@H](C)[C@@H]4CC[C@@]32C)/C1=C(\CCC=C(C)C)C(=O)O,CC(=O)O[C@H]1C[C@@]2(C)[C@@H](C[C@@H](O)[C@H]3[C@@]4(C)CC[C@@H](O)[C@@H](C)[C@@H]4CC[C@@]32C)/C1=C(\CCC=C(C)C)C(=O)O,[C][C][=Branch1][C][=O][O][C@H1][C][C@@][Branch1][C][C][C@@H1][Branch2][Ring1][P][C][C@@H1][Branch1][C][O][C@H1][C@@][Branch1][C][C][C][C][C@@H1][Branch1][C][O][C@@H1][Branch1][C][C][C@@H1][Ring1][=Branch2][C][C][C@@][Ring1][=N][Ring2][Ring1][Ring1][C][/C][Ring2][Ring1][#Branch1][=C][Branch1][=Branch2][\C][C][C][=C][Branch1][C][C][C][C][=Branch1][C][=O][O],"InChI=1S/C31H48O6/c1-17(2)9-8-10-20(28(35)36)26-22-15-24(34)27-29(5)13-12-23(33)18(3)21(29)11-14-30(27,6)31(22,7)16-25(26)37-19(4)32/h9,18,21-25,27,33-34H,8,10-16H2,1-7H3,(H,35,36)/b26-20-/t18-,21-,22-,23+,24+,25-,27-,29-,30-,31-/m0/s1",IECPWNUMDGFDKC-MZJAQBGESA-N
1,CHLORAMPHENICOL,O=C(N[C@H](CO)[C@H](O)c1ccc([N+](=O)[O-])cc1)C(Cl)Cl,O=C(N[C@H](CO)[C@H](O)c1ccc([N+](=O)[O-])cc1)C(Cl)Cl,[O][=C][Branch2][Ring1][#Branch2][N][C@H1][Branch1][Ring1][C][O][C@H1][Branch1][C][O][C][=C][C][=C][Branch1][=Branch1][N+1][=Branch1][C][=O][O-1][C][=C][Ring1][=Branch2][C][Branch1][C][Cl][Cl],"InChI=1S/C11H12Cl2N2O5/c12-10(13)11(18)14-8(5-16)9(17)6-1-3-7(4-2-6)15(19)20/h1-4,8-10,16-17H,5H2,(H,14,18)/t8-,9-/m1/s1",WIIZWVCIJKGZOK-RKDXNWHRSA-N
2,CEFEPIME,CO/N=C(\C(=O)N[C@@H]1C(=O)N2C(C(=O)[O-])=C(C[N+]3(C)CCCC3)CS[C@H]12)c1csc(N)n1,CO/N=C(\C(=O)N[C@@H]1C(=O)N2C(C(=O)[O-])=C(C[N+]3(C)CCCC3)CS[C@H]12)c1csc(N)n1,[C][O][/N][=C][Branch2][Ring2][#Branch2][\C][=Branch1][C][=O][N][C@@H1][C][=Branch1][C][=O][N][C][Branch1][=Branch1][C][=Branch1][C][=O][O-1][=C][Branch1][N][C][N+1][Branch1][C][C][C][C][C][C][Ring1][=Branch1][C][S][C@H1][Ring2][Ring1][Ring1][Ring1][S][C][=C][S][C][Branch1][C][N][=N][Ring1][=Branch1],"InChI=1S/C19H24N6O5S2/c1-25(5-3-4-6-25)7-10-8-31-17-13(16(27)24(17)14(10)18(28)29)22-15(26)12(23-30-2)11-9-32-19(20)21-11/h9,13,17H,3-8H2,1-2H3,(H3-,20,21,22,26,28,29)/b23-12-/t13-,17-/m1/s1",HVFLCNVBZFFHBT-ZKDACBOMSA-N
3,FLOXACILLIN,Cc1onc(-c2c(F)cccc2Cl)c1C(=O)N[C@@H]1C(=O)N2[C@@H]1SC(C)(C)[C@@H]2C(=O)O,Cc1onc(-c2c(F)cccc2Cl)c1C(=O)N[C@@H]1C(=O)N2[C@@H]1SC(C)(C)[C@@H]2C(=O)O,[C][C][O][N][=C][Branch1][=N][C][=C][Branch1][C][F][C][=C][C][=C][Ring1][#Branch1][Cl][C][=Ring1][=N][C][=Branch1][C][=O][N][C@@H1][C][=Branch1][C][=O][N][C@@H1][Ring1][Branch1][S][C][Branch1][C][C][Branch1][C][C][C@@H1][Ring1][#Branch1][C][=Branch1][C][=O][O],"InChI=1S/C19H17ClFN3O5S/c1-7-10(12(23-29-7)11-8(20)5-4-6-9(11)21)15(25)22-13-16(26)24-14(18(27)28)19(2,3)30-17(13)24/h4-6,13-14,17H,1-3H3,(H,22,25)(H,27,28)/t13-,14+,17-/m1/s1",UIOFUWFRIANQPC-JKIFEVAISA-N
4,SARECYCLINE,CON(C)Cc1ccc(O)c2c1C[C@H]1C[C@H]3[C@H](N(C)C)C(O)=C(C(N)=O)C(=O)[C@@]3(O)C(O)=C1C2=O,CON(C)Cc1ccc(O)c2c1C[C@H]1C[C@H]3[C@H](N(C)C)C(O)=C(C(N)=O)C(=O)[C@@]3(O)C(O)=C1C2=O,[C][O][N][Branch1][C][C][C][C][=C][C][=C][Branch1][C][O][C][=C][Ring1][#Branch1][C][C@H1][C][C@H1][C@H1][Branch1][=Branch1][N][Branch1][C][C][C][C][Branch1][C][O][=C][Branch1][=Branch1][C][Branch1][C][N][=O][C][=Branch1][C][=O][C@@][Ring1][=C][Branch1][C][O][C][Branch1][C][O][=C][Ring2][Ring1][Ring2][C][Ring2][Ring1][Branch2][=O],"InChI=1S/C24H29N3O8/c1-26(2)18-13-8-11-7-12-10(9-27(3)35-4)5-6-14(28)16(12)19(29)15(11)21(31)24(13,34)22(32)17(20(18)30)23(25)33/h5-6,11,13,18,28,30-31,34H,7-9H2,1-4H3,(H2,25,33)/t11-,13-,18-,24-/m0/s1",PQJQFLNBMSCUSH-SBAJWEJLSA-N
5,SULFADIMETHOXINE,COc1cc(NS(=O)(=O)c2ccc(N)cc2)nc(OC)n1,COc1cc(NS(=O)(=O)c2ccc(N)cc2)nc(OC)n1,[C][O][C][=C][C][Branch2][Ring1][Ring2][N][S][=Branch1][C][=O][=Branch1][C][=O][C][=C][C][=C][Branch1][C][N][C][=C][Ring1][#Branch1][=N][C][Branch1][Ring1][O][C][=N][Ring2][Ring1][Ring1],"InChI=1S/C12H14N4O4S/c1-19-11-7-10(14-12(15-11)20-2)16-21(17,18)9-5-3-8(13)4-6-9/h3-7H,13H2,1-2H3,(H,14,15,16)",ZZORFUFYDOWNEF-UHFFFAOYSA-N
6,CEFODIZIME,CO/N=C(\C(=O)N[C@@H]1C(=O)N2C(C(=O)O)=C(CSc3nc(C)c(CC(=O)O)s3)CS[C@H]12)c1csc(N)n1,CO/N=C(\C(=O)N[C@@H]1C(=O)N2C(C(=O)O)=C(CSc3nc(C)c(CC(=O)O)s3)CS[C@H]12)c1csc(N)n1,[C][O][/N][=C][Branch2][Branch1][Branch1][\C][=Branch1][C][=O][N][C@@H1][C][=Branch1][C][=O][N][C][Branch1][=Branch1][C][=Branch1][C][=O][O][=C][Branch2][Ring1][Branch1][C][S][C][=N][C][Branch1][C][C][=C][Branch1][#Branch1][C][C][=Branch1][C][=O][O][S][Ring1][#Branch2][C][S][C@H1][Ring2][Ring1][Branch2][Ring2][Ring1][Branch1][C][=C][S][C][Branch1][C][N][=N][Ring1][=Branch1],"InChI=1S/C20H20N6O7S4/c1-7-10(3-11(27)28)37-20(22-7)36-5-8-4-34-17-13(16(30)26(17)14(8)18(31)32)24-15(29)12(25-33-2)9-6-35-19(21)23-9/h6,13,17H,3-5H2,1-2H3,(H2,21,23)(H,24,29)(H,27,28)(H,31,32)/b25-12-/t13-,17-/m1/s1",XDZKBRJLTGRPSS-BGZQYGJUSA-N
7,GATIFLOXACIN,COc1c(N2CCNC(C)C2)c(F)cc2c(=O)c(C(=O)O)cn(C3CC3)c12,COc1c(N2CCNC(C)C2)c(F)cc2c(=O)c(C(=O)O)cn(C3CC3)c12,[C][O][C][=C][Branch1][N][N][C][C][N][C][Branch1][C][C][C][Ring1][#Branch1][C][Branch1][C][F][=C][C][C][=Branch1][C][=O][C][Branch1][=Branch1][C][=Branch1][C][=O][O][=C][N][Branch1][=Branch1][C][C][C][Ring1][Ring1][C][Ring2][Ring1][=Branch2][=Ring1][=N],"InChI=1S/C19H22FN3O4/c1-10-8-22(6-5-21-10)16-14(20)7-12-15(18(16)27-2)23(11-3-4-11)9-13(17(12)24)19(25)26/h7,9-11,21H,3-6,8H2,1-2H3,(H,25,26)",XUBOMFCQGDBHNK-UHFFFAOYSA-N
8,SULFAMETHOXYPYRIDAZINE,COc1ccc(NS(=O)(=O)c2ccc(N)cc2)nn1,COc1ccc(NS(=O)(=O)c2ccc(N)cc2)nn1,[C][O][C][=C][C][=C][Branch2][Ring1][Ring2][N][S][=Branch1][C][=O][=Branch1][C][=O][C][=C][C][=C][Branch1][C][N][C][=C][Ring1][#Branch1][N][=N][Ring1][P],"InChI=1S/C11H12N4O3S/c1-18-11-7-6-10(13-14-11)15-19(16,17)9-4-2-8(12)3-5-9/h2-7H,12H2,1H3,(H,13,15)",VLYWMPOKSSWJAL-UHFFFAOYSA-N
9,GENTAMICIN,CNC(C)[C@@H]1CC[C@@H](N)[C@@H](O[C@H]2[C@H](O)[C@@H](O[C@H]3OC[C@](C)(O)[C@H](NC)[C@H]3O)[C@H](N)C[C@@H]2N)O1.CN[C@@H]1[C@@H](O)[C@@H](O[C@@H]2[C@@H](O)[C@H](O[C@H]3O[C@H](C(C)N)CC[C@H]3N)[C@@H](N)C[C@H]2N)OC[C@]1(C)O.CN[C@@H]1[C@@H](O)[C@@H](O[C@@H]2[C@@H](O)[C@H](O[C@H]3O[C@H](CN)CC[C@H]3N)[C@@H](N)C[C@H]2N)OC[C@]1(C)O,CNC(C)[C@@H]1CC[C@@H](N)[C@@H](O[C@H]2[C@H](O)[C@@H](O[C@H]3OC[C@](C)(O)[C@H](NC)[C@H]3O)[C@H](N)C[C@@H]2N)O1.CN[C@@H]1[C@@H](O)[C@@H](O[C@@H]2[C@@H](O)[C@H](O[C@H]3O[C@H](C(C)N)CC[C@H]3N)[C@@H](N)C[C@H]2N)OC[C@]1(C)O.CN[C@@H]1[C@@H](O)[C@@H](O[C@@H]2[C@@H](O)[C@H](O[C@H]3O[C@H](CN)CC[C@H]3N)[C@@H](N)C[C@H]2N)OC[C@]1(C)O,[C][N][C][Branch1][C][C][C@@H1][C][C][C@@H1][Branch1][C][N][C@@H1][Branch2][Ring2][=Branch2][O][C@H1][C@H1][Branch1][C][O][C@@H1][Branch2][Ring1][Branch1][O][C@H1][O][C][C@][Branch1][C][C][Branch1][C][O][C@H1][Branch1][Ring1][N][C][C@H1][Ring1][#Branch2][O][C@H1][Branch1][C][N][C][C@@H1][Ring2][Ring1][Ring2][N][O][Ring2][Ring1][=N].[C][N][C@@H1][C@@H1][Branch1][C][O][C@@H1][Branch2][Ring2][=Branch1][O][C@@H1][C@@H1][Branch1][C][O][C@H1][Branch2][Ring1][C][O][C@H1][O][C@H1][Branch1][=Branch1][C][Branch1][C][C][N][C][C][C@H1][Ring1][=Branch2][N][C@@H1][Branch1][C][N][C][C@H1][Ring2][Ring1][Ring1][N][O][C][C@][Ring2][Ring1][N][Branch1][C][C][O].[C][N][C@@H1][C@@H1][Branch1][C][O][C@@H1][Branch2][Ring2][C][O][C@@H1][C@@H1][Branch1][C][O][C@H1][Branch1][#C][O][C@H1][O][C@H1][Branch1][Ring1][C][N][C][C][C@H1][Ring1][Branch2][N][C@@H1][Branch1][C][N][C][C@H1][Ring2][Ring1][C][N][O][C][C@][Ring2][Ring1][O][Branch1][C][C][O],"InChI=1S/C21H43N5O7.C20H41N5O7.C19H39N5O7/c1-9(25-3)13-6-5-10(22)19(31-13)32-16-11(23)7-12(24)17(14(16)27)33-20-15(28)18(26-4)21(2,29)8-30-20;1-8(21)12-5-4-9(22)18(30-12)31-15-10(23)6-11(24)16(13(15)26)32-19-14(27)17(25-3)20(2,28)7-29-19;1-19(27)7-28-18(13(26)16(19)24-2)31-15-11(23)5-10(22)14(12(15)25)30-17-9(21)4-3-8(6-20)29-17/h9-20,25-29H,5-8,22-24H2,1-4H3;8-19,25-28H,4-7,21-24H2,1-3H3;8-18,24-27H,3-7,20-23H2,1-2H3/t9?,10-,11+,12-,13+,14+,15-,16-,17+,18-,19-,20-,21+;8?,9-,10+,11-,12+,13+,14-,15-,16+,17-,18-,19-,20+;8-,9+,10-,11+,12-,13+,14+,15-,16+,17+,18+,19-/m110/s1",NPEFREDMMVQEPL-RWPARATISA-N
10,PIVAMPICILLIN,CC(C)(C)C(=O)OCOC(=O)[C@@H]1N2C(=O)[C@@H](NC(=O)[C@H](N)c3ccccc3)[C@H]2SC1(C)C,CC(C)(C)C(=O)OCOC(=O)[C@@H]1N2C(=O)[C@@H](NC(=O)[C@H](N)c3ccccc3)[C@H]2SC1(C)C,[C][C][Branch1][C][C][Branch1][C][C][C][=Branch1][C][=O][O][C][O][C][=Branch1][C][=O][C@@H1][N][C][=Branch1][C][=O][C@@H1][Branch2][Ring1][C][N][C][=Branch1][C][=O][C@H1][Branch1][C][N][C][=C][C][=C][C][=C][Ring1][=Branch1][C@H1][Ring1][S][S][C][Ring2][Ring1][Ring1][Branch1][C][C][C],"InChI=1S/C22H29N3O6S/c1-21(2,3)20(29)31-11-30-19(28)15-22(4,5)32-18-14(17(27)25(15)18)24-16(26)13(23)12-9-7-6-8-10-12/h6-10,13-15,18H,11,23H2,1-5H3,(H,24,26)/t13-,14-,15+,18-/m1/s1",ZEMIJUDPLILVNQ-ZXFNITATSA-N
11,MIKAMYCIN,CC1=C\[C@@H](O)CC(=O)Cc2nc(co2)C(=O)N2CCC=C2C(=O)O[C@H](C(C)C)[C@H](C)/C=C/C(=O)NC\C=C\1.CC[C@H]1NC(=O)[C@@H](NC(=O)c2ncccc2O)[C@@H](C)OC(=O)[C@H](c2ccccc2)NC(=O)[C@@H]2CC(=O)CCN2C(=O)[C@H](Cc2ccc(N(C)C)cc2)N(C)C(=O)[C@@H]2CCCN2C1=O,CC1=C\[C@@H](O)CC(=O)Cc2nc(co2)C(=O)N2CCC=C2C(=O)O[C@H](C(C)C)[C@H](C)/C=C/C(=O)NC\C=C\1.CC[C@H]1NC(=O)[C@@H](NC(=O)c2ncccc2O)[C@@H](C)OC(=O)[C@H](c2ccccc2)NC(=O)[C@@H]2CC(=O)CCN2C(=O)[C@H](Cc2ccc(N(C)C)cc2)N(C)C(=O)[C@@H]2CCCN2C1=O,[C][C][=C][\C@@H1][Branch1][C][O][C][C][=Branch1][C][=O][C][C][=N][C][=Branch1][Branch1][=C][O][Ring1][Branch1][C][=Branch1][C][=O][N][C][C][C][=C][Ring1][Branch1][C][=Branch1][C][=O][O][C@H1][Branch1][=Branch1][C][Branch1][C][C][C][C@H1][Branch1][C][C][/C][=C][/C][=Branch1][C][=O][N][C][\C][=C][-\Ring2][Ring2][Branch1].[C][C][C@H1][N][C][=Branch1][C][=O][C@@H1][Branch1][#C][N][C][=Branch1][C][=O][C][=N][C][=C][C][=C][Ring1][=Branch1][O][C@@H1][Branch1][C][C][O][C][=Branch1][C][=O][C@H1][Branch1][=Branch2][C][=C][C][=C][C][=C][Ring1][=Branch1][N][C][=Branch1][C][=O][C@@H1][C][C][=Branch1][C][=O][C][C][N][Ring1][#Branch1][C][=Branch1][C][=O][C@H1][Branch1][P][C][C][=C][C][=C][Branch1][=Branch1][N][Branch1][C][C][C][C][=C][Ring1][=Branch2][N][Branch1][C][C][C][=Branch1][C][=O][C@@H1][C][C][C][N][Ring1][Branch1][C][Ring2][Branch1][N][=O],"InChI=1S/C45H54N8O10.C28H35N3O7/c1-6-31-42(59)52-22-11-14-32(52)43(60)51(5)34(24-27-16-18-29(19-17-27)50(3)4)44(61)53-23-20-30(54)25-33(53)39(56)49-37(28-12-8-7-9-13-28)45(62)63-26(2)36(40(57)47-31)48-41(58)38-35(55)15-10-21-46-38;1-17(2)26-19(4)9-10-24(34)29-11-5-7-18(3)13-20(32)14-21(33)15-25-30-22(16-37-25)27(35)31-12-6-8-23(31)28(36)38-26/h7-10,12-13,15-19,21,26,31-34,36-37,55H,6,11,14,20,22-25H2,1-5H3,(H,47,57)(H,48,58)(H,49,56);5,7-10,13,16-17,19-20,26,32H,6,11-12,14-15H2,1-4H3,(H,29,34)/b;7-5+,10-9+,18-13+/t26-,31-,32+,33+,34+,36+,37+;19-,20-,26-/m11/s1",YVMBAUWDIGJRNY-BESUKNQGSA-N
12,CEFOPERAZONE,CCN1CCN(C(=O)N[C@@H](C(=O)N[C@@H]2C(=O)N3C(C(=O)O)=C(CSc4nnnn4C)CS[C@H]23)c2ccc(O)cc2)C(=O)C1=O,CCN1CCN(C(=O)N[C@@H](C(=O)N[C@@H]2C(=O)N3C(C(=O)O)=C(CSc4nnnn4C)CS[C@H]23)c2ccc(O)cc2)C(=O)C1=O,[C][C][N][C][C][N][Branch2][Branch1][=N][C][=Branch1][C][=O][N][C@@H1][Branch2][Ring2][=Branch2][C][=Branch1][C][=O][N][C@@H1][C][=Branch1][C][=O][N][C][Branch1][=Branch1][C][=Branch1][C][=O][O][=C][Branch1][O][C][S][C][=N][N][=N][N][Ring1][Branch1][C][C][S][C@H1][Ring2][Ring1][Ring2][Ring1][P][C][=C][C][=C][Branch1][C][O][C][=C][Ring1][#Branch1][C][=Branch1][C][=O][C][Ring2][Ring2][=Branch2][=O],"InChI=1S/C25H27N9O8S2/c1-3-32-8-9-33(21(39)20(32)38)24(42)27-15(12-4-6-14(35)7-5-12)18(36)26-16-19(37)34-17(23(40)41)13(10-43-22(16)34)11-44-25-28-29-30-31(25)2/h4-7,15-16,22,35H,3,8-11H2,1-2H3,(H,26,36)(H,27,42)(H,40,41)/t15-,16-,22-/m1/s1",GCFBRXLSHGKWDP-XCGNWRKASA-N
13,DIRITHROMYCIN,CC[C@H]1OC(=O)[C@H](C)[C@@H](O[C@H]2C[C@@](C)(OC)[C@@H](O)[C@H](C)O2)[C@H](C)[C@@H](O[C@@H]2O[C@H](C)C[C@H](N(C)C)[C@H]2O)[C@](C)(O)C[C@@H](C)[C@@H]2N[C@@H](COCCOC)O[C@H]([C@H]2C)[C@]1(C)O,CC[C@H]1OC(=O)[C@H](C)[C@@H](O[C@H]2C[C@@](C)(OC)[C@@H](O)[C@H](C)O2)[C@H](C)[C@@H](O[C@@H]2O[C@H](C)C[C@H](N(C)C)[C@H]2O)[C@](C)(O)C[C@@H](C)[C@@H]2N[C@@H](COCCOC)O[C@H]([C@H]2C)[C@]1(C)O,[C][C][C@H1][O][C][=Branch1][C][=O][C@H1][Branch1][C][C][C@@H1][Branch2][Ring1][#Branch1][O][C@H1][C][C@@][Branch1][C][C][Branch1][Ring1][O][C][C@@H1][Branch1][C][O][C@H1][Branch1][C][C][O][Ring1][O][C@H1][Branch1][C][C][C@@H1][Branch2][Ring1][Branch1][O][C@@H1][O][C@H1][Branch1][C][C][C][C@H1][Branch1][=Branch1][N][Branch1][C][C][C][C@H1][Ring1][#Branch2][O][C@][Branch1][C][C][Branch1][C][O][C][C@@H1][Branch1][C][C][C@@H1][N][C@@H1][Branch1][#Branch1][C][O][C][C][O][C][O][C@H1][Branch1][Branch1][C@H1][Ring1][N][C][C@][Ring2][Branch1][=Branch1][Branch1][C][C][O],"InChI=1S/C42H78N2O14/c1-15-29-42(10,49)37-24(4)32(43-30(56-37)21-52-17-16-50-13)22(2)19-40(8,48)36(58-39-33(45)28(44(11)12)18-23(3)53-39)25(5)34(26(6)38(47)55-29)57-31-20-41(9,51-14)35(46)27(7)54-31/h22-37,39,43,45-46,48-49H,15-21H2,1-14H3/t22-,23-,24+,25+,26-,27+,28+,29-,30-,31+,32+,33-,34+,35+,36-,37-,39+,40-,41-,42-/m1/s1",WLOHNSSYAXHWNR-DWIOZXRMSA-N
14,PIPEMIDIC ACID,CCn1cc(C(=O)O)c(=O)c2cnc(N3CCNCC3)nc21,CCn1cc(C(=O)O)c(=O)c2cnc(N3CCNCC3)nc21,[C][C][N][C][=C][Branch1][=Branch1][C][=Branch1][C][=O][O][C][=Branch1][C][=O][C][=C][N][=C][Branch1][=Branch2][N][C][C][N][C][C][Ring1][=Branch1][N][=C][Ring1][N][Ring2][Ring1][Ring2],"InChI=1S/C14H17N5O3/c1-2-18-8-10(13(21)22)11(20)9-7-16-14(17-12(9)18)19-5-3-15-4-6-19/h7-8,15H,2-6H2,1H3,(H,21,22)",JOHZPMXAZQZXHR-UHFFFAOYSA-N
15,DICLOXACILLIN,Cc1onc(-c2c(Cl)cccc2Cl)c1C(=O)N[C@@H]1C(=O)N2[C@@H]1SC(C)(C)[C@@H]2C(=O)O,Cc1onc(-c2c(Cl)cccc2Cl)c1C(=O)N[C@@H]1C(=O)N2[C@@H]1SC(C)(C)[C@@H]2C(=O)O,[C][C][O][N][=C][Branch1][=N][C][=C][Branch1][C][Cl][C][=C][C][=C][Ring1][#Branch1][Cl][C][=Ring1][=N][C][=Branch1][C][=O][N][C@@H1][C][=Branch1][C][=O][N][C@@H1][Ring1][Branch1][S][C][Branch1][C][C][Branch1][C][C][C@@H1][Ring1][#Branch1][C][=Branch1][C][=O][O],"InChI=1S/C19H17Cl2N3O5S/c1-7-10(12(23-29-7)11-8(20)5-4-6-9(11)21)15(25)22-13-16(26)24-14(18(27)28)19(2,3)30-17(13)24/h4-6,13-14,17H,1-3H3,(H,22,25)(H,27,28)/t13-,14+,17-/m1/s1",YFAGHNZHGGCZAX-JKIFEVAISA-N
16,TICARCILLIN,CC1(C)S[C@@H]2[C@H](NC(=O)[C@H](C(=O)O)c3ccsc3)C(=O)N2[C@H]1C(=O)O,CC1(C)S[C@@H]2[C@H](NC(=O)[C@H](C(=O)O)c3ccsc3)C(=O)N2[C@H]1C(=O)O,[C][C][Branch1][C][C][S][C@@H1][C@H1][Branch2][Ring1][Branch1][N][C][=Branch1][C][=O][C@H1][Branch1][=Branch1][C][=Branch1][C][=O][O][C][C][=C][S][C][=Ring1][Branch1][C][=Branch1][C][=O][N][Ring1][P][C@H1][Ring2][Ring1][Branch1][C][=Branch1][C][=O][O],"InChI=1S/C15H16N2O6S2/c1-15(2)9(14(22)23)17-11(19)8(12(17)25-15)16-10(18)7(13(20)21)6-3-4-24-5-6/h3-5,7-9,12H,1-2H3,(H,16,18)(H,20,21)(H,22,23)/t7-,8-,9+,12-/m1/s1",OHKOGUYZJXTSFX-KZFFXBSXSA-N
17,TINIDAZOLE,CCS(=O)(=O)CCn1c([N+](=O)[O-])cnc1C,CCS(=O)(=O)CCn1c([N+](=O)[O-])cnc1C,[C][C][S][=Branch1][C][=O][=Branch1][C][=O][C][C][N][C][Branch1][=Branch1][N+1][=Branch1][C][=O][O-1][=C][N][=C][Ring1][Branch2][C],"InChI=1S/C8H13N3O4S/c1-3-16(14,15)5-4-10-7(2)9-6-8(10)11(12)13/h6H,3-5H2,1-2H3",HJLSLZFTEKNLFI-UHFFFAOYSA-N
18,CEFTAROLINE FOSAMIL,CCO/N=C(\C(=O)N[C@@H]1C(=O)N2C(C(=O)[O-])=C(Sc3nc(-c4cc[n+](C)cc4)cs3)CS[C@H]12)c1nsc(NP(=O)(O)O)n1,CCO/N=C(\C(=O)N[C@@H]1C(=O)N2C(C(=O)O)=C(Sc3nc(-c4cc[n+](C)cc4)cs3)CS[C@H]12)c1nsc(NP(=O)([O-])O)n1,[C][C][O][/N][=C][Branch2][Branch1][=Branch1][\C][=Branch1][C][=O][N][C@@H1][C][=Branch1][C][=O][N][C][Branch1][=Branch1][C][=Branch1][C][=O][O][=C][Branch2][Ring1][=Branch1][S][C][=N][C][Branch1][N][C][=C][C][=N+1][Branch1][C][C][C][=C][Ring1][#Branch1][=C][S][Ring1][N][C][S][C@H1][Ring2][Ring1][=Branch2][Ring2][Ring1][=Branch1][C][=N][S][C][Branch1][#Branch2][N][P][=Branch1][C][=O][Branch1][C][O-1][O][=N][Ring1][#Branch2],"InChI=1S/C22H21N8O8PS4/c1-3-38-26-13(16-25-21(43-28-16)27-39(35,36)37)17(31)24-14-18(32)30-15(20(33)34)12(9-40-19(14)30)42-22-23-11(8-41-22)10-4-6-29(2)7-5-10/h4-8,14,19H,3,9H2,1-2H3,(H4-,24,25,27,28,31,33,34,35,36,37)/b26-13-/t14-,19-/m1/s1",ZCCUWMICIWSJIX-NQJJCJBVSA-N
19,METRONIDAZOLE,Cc1ncc([N+](=O)[O-])n1CCO,Cc1ncc([N+](=O)[O-])n1CCO,[C][C][=N][C][=C][Branch1][=Branch1][N+1][=Branch1][C][=O][O-1][N][Ring1][Branch2][C][C][O],"InChI=1S/C6H9N3O3/c1-5-7-4-6(9(11)12)8(5)2-3-10/h4,10H,2-3H2,1H3",VAOCPAMSLUNLGC-UHFFFAOYSA-N
20,TIGECYCLINE,CN(C)c1cc(NC(=O)CNC(C)(C)C)c(O)c2c1C[C@H]1C[C@H]3[C@H](N(C)C)C(O)=C(C(N)=O)C(=O)[C@@]3(O)C(O)=C1C2=O,CN(C)c1cc(NC(=O)CNC(C)(C)C)c(O)c2c1C[C@H]1C[C@H]3[C@H](N(C)C)C(O)=C(C(N)=O)C(=O)[C@@]3(O)C(O)=C1C2=O,[C][N][Branch1][C][C][C][=C][C][Branch1][S][N][C][=Branch1][C][=O][C][N][C][Branch1][C][C][Branch1][C][C][C][=C][Branch1][C][O][C][=C][Ring1][S][C][C@H1][C][C@H1][C@H1][Branch1][=Branch1][N][Branch1][C][C][C][C][Branch1][C][O][=C][Branch1][=Branch1][C][Branch1][C][N][=O][C][=Branch1][C][=O][C@@][Ring1][=C][Branch1][C][O][C][Branch1][C][O][=C][Ring2][Ring1][Ring2][C][Ring2][Ring1][Branch2][=O],"InChI=1S/C29H39N5O8/c1-28(2,3)31-11-17(35)32-15-10-16(33(4)5)13-8-12-9-14-21(34(6)7)24(38)20(27(30)41)26(40)29(14,42)25(39)18(12)23(37)19(13)22(15)36/h10,12,14,21,31,36,38-39,42H,8-9,11H2,1-7H3,(H2,30,41)(H,32,35)/t12-,14-,21-,29-/m0/s1",FPZLLRFZJZRHSY-HJYUBDRYSA-N
21,CEPHRADINE,CC1=C(C(=O)O)N2C(=O)[C@@H](NC(=O)[C@H](N)C3=CCC=CC3)[C@H]2SC1,CC1=C(C(=O)O)N2C(=O)[C@@H](NC(=O)[C@H](N)C3=CCC=CC3)[C@H]2SC1,[C][C][=C][Branch1][=Branch1][C][=Branch1][C][=O][O][N][C][=Branch1][C][=O][C@@H1][Branch2][Ring1][C][N][C][=Branch1][C][=O][C@H1][Branch1][C][N][C][=C][C][C][=C][C][Ring1][=Branch1][C@H1][Ring1][S][S][C][Ring2][Ring1][#Branch1],"InChI=1S/C16H19N3O4S/c1-8-7-24-15-11(14(21)19(15)12(8)16(22)23)18-13(20)10(17)9-5-3-2-4-6-9/h2-3,6,10-11,15H,4-5,7,17H2,1H3,(H,18,20)(H,22,23)/t10-,11-,15-/m1/s1",RDLPVSKMFDYCOR-UEKVPHQBSA-N
22,NETILMICIN,CCN[C@@H]1C[C@H](N)[C@@H](O[C@H]2OC(CN)=CC[C@H]2N)[C@H](O)[C@H]1O[C@H]1OC[C@](C)(O)[C@H](NC)[C@H]1O,CCN[C@@H]1C[C@H](N)[C@@H](O[C@H]2OC(CN)=CC[C@H]2N)[C@H](O)[C@H]1O[C@H]1OC[C@](C)(O)[C@H](NC)[C@H]1O,[C][C][N][C@@H1][C][C@H1][Branch1][C][N][C@@H1][Branch1][#C][O][C@H1][O][C][Branch1][Ring1][C][N][=C][C][C@H1][Ring1][Branch2][N][C@H1][Branch1][C][O][C@H1][Ring2][Ring1][C][O][C@H1][O][C][C@][Branch1][C][C][Branch1][C][O][C@H1][Branch1][Ring1][N][C][C@H1][Ring1][#Branch2][O],"InChI=1S/C21H41N5O7/c1-4-26-13-7-12(24)16(32-19-11(23)6-5-10(8-22)31-19)14(27)17(13)33-20-15(28)18(25-3)21(2,29)9-30-20/h5,11-20,25-29H,4,6-9,22-24H2,1-3H3/t11-,12+,13-,14+,15-,16-,17+,18-,19-,20-,21+/m1/s1",CIDUJQMULVCIBT-MQDUPKMGSA-N
23,METHACYCLINE,C=C1c2cccc(O)c2C(=O)C2=C(O)[C@]3(O)C(=O)C(C(N)=O)=C(O)[C@@H](N(C)C)[C@@H]3[C@@H](O)[C@H]12,C=C1c2cccc(O)c2C(=O)C2=C(O)[C@]3(O)C(=O)C(C(N)=O)=C(O)[C@@H](N(C)C)[C@@H]3[C@@H](O)[C@H]12,[C][=C][C][=C][C][=C][C][Branch1][C][O][=C][Ring1][#Branch1][C][=Branch1][C][=O][C][=C][Branch1][C][O][C@][Branch1][C][O][C][=Branch1][C][=O][C][Branch1][=Branch1][C][Branch1][C][N][=O][=C][Branch1][C][O][C@@H1][Branch1][=Branch1][N][Branch1][C][C][C][C@@H1][Ring1][#C][C@@H1][Branch1][C][O][C@H1][Ring2][Ring1][#C][Ring2][Ring1][Branch1],"InChI=1S/C22H22N2O8/c1-7-8-5-4-6-9(25)11(8)16(26)12-10(7)17(27)14-15(24(2)3)18(28)13(21(23)31)20(30)22(14,32)19(12)29/h4-6,10,14-15,17,25,27-29,32H,1H2,2-3H3,(H2,23,31)/t10-,14-,15+,17+,22+/m1/s1",MHIGBKBJSQVXNH-IWVLMIASSA-N
24,CLARITHROMYCIN,CC[C@H]1OC(=O)[C@H](C)[C@@H](O[C@H]2C[C@@](C)(OC)[C@@H](O)[C@H](C)O2)[C@H](C)[C@@H](O[C@@H]2O[C@H](C)C[C@H](N(C)C)[C@H]2O)[C@](C)(OC)C[C@@H](C)C(=O)[C@H](C)[C@@H](O)[C@]1(C)O,CC[C@H]1OC(=O)[C@H](C)[C@@H](O[C@H]2C[C@@](C)(OC)[C@@H](O)[C@H](C)O2)[C@H](C)[C@@H](O[C@@H]2O[C@H](C)C[C@H](N(C)C)[C@H]2O)[C@](C)(OC)C[C@@H](C)C(=O)[C@H](C)[C@@H](O)[C@]1(C)O,[C][C][C@H1][O][C][=Branch1][C][=O][C@H1][Branch1][C][C][C@@H1][Branch2][Ring1][#Branch1][O][C@H1][C][C@@][Branch1][C][C][Branch1][Ring1][O][C][C@@H1][Branch1][C][O][C@H1][Branch1][C][C][O][Ring1][O][C@H1][Branch1][C][C][C@@H1][Branch2][Ring1][Branch1][O][C@@H1][O][C@H1][Branch1][C][C][C][C@H1][Branch1][=Branch1][N][Branch1][C][C][C][C@H1][Ring1][#Branch2][O][C@][Branch1][C][C][Branch1][Ring1][O][C][C][C@@H1][Branch1][C][C][C][=Branch1][C][=O][C@H1][Branch1][C][C][C@@H1][Branch1][C][O][C@][Ring2][Ring2][S][Branch1][C][C][O],"InChI=1S/C38H69NO13/c1-15-26-38(10,45)31(42)21(4)28(40)19(2)17-37(9,47-14)33(52-35-29(41)25(39(11)12)16-20(3)48-35)22(5)30(23(6)34(44)50-26)51-27-18-36(8,46-13)32(43)24(7)49-27/h19-27,29-33,35,41-43,45H,15-18H2,1-14H3/t19-,20-,21+,22+,23-,24+,25+,26-,27+,29-,30+,31-,32+,33-,35+,36-,37-,38-/m1/s1",AGOYDEPGAOXOCK-KCBOHYOISA-N
25,CHLORAMPHENICOL PALMITATE,CCCCCCCCCCCCCCCC(=O)OC[C@@H](NC(=O)C(Cl)Cl)[C@H](O)c1ccc([N+](=O)[O-])cc1,CCCCCCCCCCCCCCCC(=O)OC[C@@H](NC(=O)C(Cl)Cl)[C@H](O)c1ccc([N+](=O)[O-])cc1,[C][C][C][C][C][C][C][C][C][C][C][C][C][C][C][C][=Branch1][C][=O][O][C][C@@H1][Branch1][O][N][C][=Branch1][C][=O][C][Branch1][C][Cl][Cl][C@H1][Branch1][C][O][C][=C][C][=C][Branch1][=Branch1][N+1][=Branch1][C][=O][O-1][C][=C][Ring1][=Branch2],"InChI=1S/C27H42Cl2N2O6/c1-2-3-4-5-6-7-8-9-10-11-12-13-14-15-24(32)37-20-23(30-27(34)26(28)29)25(33)21-16-18-22(19-17-21)31(35)36/h16-19,23,25-26,33H,2-15,20H2,1H3,(H,30,34)/t23-,25-/m1/s1",PXKHGMGELZGJQE-ILBGXUMGSA-N
26,ROSOXACIN,CCn1cc(C(=O)O)c(=O)c2ccc(-c3ccncc3)cc21,CCn1cc(C(=O)O)c(=O)c2ccc(-c3ccncc3)cc21,[C][C][N][C][=C][Branch1][=Branch1][C][=Branch1][C][=O][O][C][=Branch1][C][=O][C][=C][C][=C][Branch1][=Branch2][C][=C][C][=N][C][=C][Ring1][=Branch1][C][=C][Ring1][N][Ring2][Ring1][Ring2],"InChI=1S/C17H14N2O3/c1-2-19-10-14(17(21)22)16(20)13-4-3-12(9-15(13)19)11-5-7-18-8-6-11/h3-10H,2H2,1H3,(H,21,22)",XBPZXDSZHPDXQU-UHFFFAOYSA-N
27,CEFPIROME,CO/N=C(\C(=O)N[C@@H]1C(=O)N2C(C(=O)[O-])=C(C[n+]3cccc4c3CCC4)CS[C@H]12)c1csc(N)n1,CO/N=C(\C(=O)N[C@@H]1C(=O)N2C(C(=O)[O-])=C(C[n+]3cccc4c3CCC4)CS[C@H]12)c1csc(N)n1,[C][O][/N][=C][Branch2][Ring2][=C][\C][=Branch1][C][=O][N][C@@H1][C][=Branch1][C][=O][N][C][Branch1][=Branch1][C][=Branch1][C][=O][O-1][=C][Branch1][#C][C][N+1][=C][C][=C][C][=C][Ring1][=Branch1][C][C][C][Ring1][Branch1][C][S][C@H1][Ring2][Ring1][=Branch1][Ring2][Ring1][Ring1][C][=C][S][C][Branch1][C][N][=N][Ring1][=Branch1],"InChI=1S/C22H22N6O5S2/c1-33-26-15(13-10-35-22(23)24-13)18(29)25-16-19(30)28-17(21(31)32)12(9-34-20(16)28)8-27-7-3-5-11-4-2-6-14(11)27/h3,5,7,10,16,20H,2,4,6,8-9H2,1H3,(H3-,23,24,25,29,31,32)/b26-15-/t16-,20-/m1/s1",DKOQGJHPHLTOJR-WHRDSVKCSA-N
28,TOBRAMYCIN,NC[C@H]1O[C@H](O[C@H]2[C@H](O)[C@@H](O[C@H]3O[C@H](CO)[C@@H](O)[C@H](N)[C@H]3O)[C@H](N)C[C@@H]2N)[C@H](N)C[C@@H]1O,NC[C@H]1O[C@H](O[C@H]2[C@H](O)[C@@H](O[C@H]3O[C@H](CO)[C@@H](O)[C@H](N)[C@H]3O)[C@H](N)C[C@@H]2N)[C@H](N)C[C@@H]1O,[N][C][C@H1][O][C@H1][Branch2][Ring2][=Branch2][O][C@H1][C@H1][Branch1][C][O][C@@H1][Branch2][Ring1][Branch1][O][C@H1][O][C@H1][Branch1][Ring1][C][O][C@@H1][Branch1][C][O][C@H1][Branch1][C][N][C@H1][Ring1][#Branch2][O][C@H1][Branch1][C][N][C][C@@H1][Ring2][Ring1][Ring2][N][C@H1][Branch1][C][N][C][C@@H1][Ring2][Ring1][=N][O],"InChI=1S/C18H37N5O9/c19-3-9-8(25)2-7(22)17(29-9)31-15-5(20)1-6(21)16(14(15)28)32-18-13(27)11(23)12(26)10(4-24)30-18/h5-18,24-28H,1-4,19-23H2/t5-,6+,7+,8-,9+,10+,11-,12+,13+,14-,15+,16-,17+,18+/m0/s1",NLVFBUXFDBBNBW-PBSUHMDJSA-N
29,MANDELIC ACID,O=C(O)C(O)c1ccccc1,O=C(O)C(O)c1ccccc1,[O][=C][Branch1][C][O][C][Branch1][C][O][C][=C][C][=C][C][=C][Ring1][=Branch1],"InChI=1S/C8H8O3/c9-7(8(10)11)6-4-2-1-3-5-6/h1-5,7,9H,(H,10,11)",IWYDHOAUDWTVEP-UHFFFAOYSA-N
30,SULFISOXAZOLE,Cc1noc(NS(=O)(=O)c2ccc(N)cc2)c1C,Cc1noc(NS(=O)(=O)c2ccc(N)cc2)c1C,[C][C][=N][O][C][Branch2][Ring1][Ring2][N][S][=Branch1][C][=O][=Branch1][C][=O][C][=C][C][=C][Branch1][C][N][C][=C][Ring1][#Branch1][=C][Ring1][S][C],"InChI=1S/C11H13N3O3S/c1-7-8(2)13-17-11(7)14-18(15,16)10-5-3-9(12)4-6-10/h3-6,14H,12H2,1-2H3",NHUHCSRWZMLRLA-UHFFFAOYSA-N
31,AMDINOCILLIN PIVOXIL,CC(C)(C)C(=O)OCOC(=O)[C@@H]1N2C(=O)[C@@H](/N=C/N3CCCCCC3)[C@H]2SC1(C)C,CC(C)(C)C(=O)OCOC(=O)[C@@H]1N2C(=O)[C@@H](/N=C/N3CCCCCC3)[C@H]2SC1(C)C,[C][C][Branch1][C][C][Branch1][C][C][C][=Branch1][C][=O][O][C][O][C][=Branch1][C][=O][C@@H1][N][C][=Branch1][C][=O][C@@H1][Branch1][N][/N][=C][/N][C][C][C][C][C][C][Ring1][#Branch1][C@H1][Ring1][=C][S][C][Ring1][P][Branch1][C][C][C],"InChI=1S/C21H33N3O5S/c1-20(2,3)19(27)29-13-28-18(26)15-21(4,5)30-17-14(16(25)24(15)17)22-12-23-10-8-6-7-9-11-23/h12,14-15,17H,6-11,13H2,1-5H3/b22-12+/t14-,15+,17-/m1/s1",NPGNOVNWUSPMDP-UTEPHESZSA-N
32,PEFLOXACIN,CCn1cc(C(=O)O)c(=O)c2cc(F)c(N3CCN(C)CC3)cc21,CCn1cc(C(=O)O)c(=O)c2cc(F)c(N3CCN(C)CC3)cc21,[C][C][N][C][=C][Branch1][=Branch1][C][=Branch1][C][=O][O][C][=Branch1][C][=O][C][=C][C][Branch1][C][F][=C][Branch1][N][N][C][C][N][Branch1][C][C][C][C][Ring1][#Branch1][C][=C][Ring1][=C][Ring2][Ring1][=Branch1],"InChI=1S/C17H20FN3O3/c1-3-20-10-12(17(23)24)16(22)11-8-13(18)15(9-14(11)20)21-6-4-19(2)5-7-21/h8-10H,3-7H2,1-2H3,(H,23,24)",FHFYDNQZQSQIAI-UHFFFAOYSA-N
33,DEMECLOCYCLINE,CN(C)[C@@H]1C(O)=C(C(N)=O)C(=O)[C@@]2(O)C(O)=C3C(=O)c4c(O)ccc(Cl)c4[C@@H](O)[C@H]3C[C@@H]12,CN(C)[C@@H]1C(O)=C(C(N)=O)C(=O)[C@@]2(O)C(O)=C3C(=O)c4c(O)ccc(Cl)c4[C@@H](O)[C@H]3C[C@@H]12,[C][N][Branch1][C][C][C@@H1][C][Branch1][C][O][=C][Branch1][=Branch1][C][Branch1][C][N][=O][C][=Branch1][C][=O][C@@][Branch1][C][O][C][Branch1][C][O][=C][C][=Branch1][C][=O][C][=C][Branch1][C][O][C][=C][C][Branch1][C][Cl][=C][Ring1][Branch2][C@@H1][Branch1][C][O][C@H1][Ring1][=C][C][C@@H1][Ring2][Ring1][=N][Ring2][Ring1][Ring2],"InChI=1S/C21H21ClN2O8/c1-24(2)14-7-5-6-10(16(27)12-9(25)4-3-8(22)11(12)15(6)26)18(29)21(7,32)19(30)13(17(14)28)20(23)31/h3-4,6-7,14-15,25-26,28-29,32H,5H2,1-2H3,(H2,23,31)/t6-,7-,14-,15-,21-/m0/s1",FMTDIUIBLCQGJB-SEYHBJAFSA-N
34,SULFAMETHAZINE,Cc1cc(C)nc(NS(=O)(=O)c2ccc(N)cc2)n1,Cc1cc(C)nc(NS(=O)(=O)c2ccc(N)cc2)n1,[C][C][=C][C][Branch1][C][C][=N][C][Branch2][Ring1][Ring2][N][S][=Branch1][C][=O][=Branch1][C][=O][C][=C][C][=C][Branch1][C][N][C][=C][Ring1][#Branch1][=N][Ring2][Ring1][C],"InChI=1S/C12H14N4O2S/c1-8-7-9(2)15-12(14-8)16-19(17,18)11-5-3-10(13)4-6-11/h3-7H,13H2,1-2H3,(H,14,15,16)",ASWVTGNCAZCNNR-UHFFFAOYSA-N
35,CEFTIBUTEN,Nc1nc(/C(=C/CC(=O)O)C(=O)N[C@@H]2C(=O)N3C(C(=O)O)=CCS[C@H]23)cs1,Nc1nc(/C(=C/CC(=O)O)C(=O)N[C@@H]2C(=O)N3C(C(=O)O)=CCS[C@H]23)cs1,[N][C][=N][C][Branch2][Ring2][=Branch1][/C][=Branch1][Branch2][=C][/C][C][=Branch1][C][=O][O][C][=Branch1][C][=O][N][C@@H1][C][=Branch1][C][=O][N][C][Branch1][=Branch1][C][=Branch1][C][=O][O][=C][C][S][C@H1][Ring1][N][Ring1][=Branch2][=C][S][Ring2][Ring1][#Branch2],"InChI=1S/C15H14N4O6S2/c16-15-17-7(5-27-15)6(1-2-9(20)21)11(22)18-10-12(23)19-8(14(24)25)3-4-26-13(10)19/h1,3,5,10,13H,2,4H2,(H2,16,17)(H,18,22)(H,20,21)(H,24,25)/b6-1-/t10-,13-/m1/s1",UNJFKXSSGBWRBZ-BJCIPQKHSA-N
36,CEFOTETAN,CO[C@@]1(NC(=O)C2SC(=C(C(N)=O)C(=O)O)S2)C(=O)N2C(C(=O)O)=C(CSc3nnnn3C)CS[C@@H]21,CO[C@@]1(NC(=O)C2SC(=C(C(N)=O)C(=O)O)S2)C(=O)N2C(C(=O)O)=C(CSc3nnnn3C)CS[C@@H]21,[C][O][C@@][Branch2][Ring1][O][N][C][=Branch1][C][=O][C][S][C][=Branch1][=C][=C][Branch1][=Branch1][C][Branch1][C][N][=O][C][=Branch1][C][=O][O][S][Ring1][O][C][=Branch1][C][=O][N][C][Branch1][=Branch1][C][=Branch1][C][=O][O][=C][Branch1][O][C][S][C][=N][N][=N][N][Ring1][Branch1][C][C][S][C@@H1][Ring1][P][Ring2][Ring2][C],"InChI=1S/C17H17N7O8S4/c1-23-16(20-21-22-23)34-4-5-3-33-15-17(32-2,14(31)24(15)7(5)11(29)30)19-9(26)13-35-12(36-13)6(8(18)25)10(27)28/h13,15H,3-4H2,1-2H3,(H2,18,25)(H,19,26)(H,27,28)(H,29,30)/t13?,15-,17+/m1/s1",SRZNHPXWXCNNDU-RHBCBLIFSA-N
37,ERYTHROMYCIN,CC[C@H]1OC(=O)[C@H](C)[C@@H](O[C@H]2C[C@@](C)(OC)[C@@H](O)[C@H](C)O2)[C@H](C)[C@@H](O[C@@H]2O[C@H](C)C[C@H](N(C)C)[C@H]2O)[C@](C)(O)C[C@@H](C)C(=O)[C@H](C)[C@@H](O)[C@]1(C)O,CC[C@H]1OC(=O)[C@H](C)[C@@H](O[C@H]2C[C@@](C)(OC)[C@@H](O)[C@H](C)O2)[C@H](C)[C@@H](O[C@@H]2O[C@H](C)C[C@H](N(C)C)[C@H]2O)[C@](C)(O)C[C@@H](C)C(=O)[C@H](C)[C@@H](O)[C@]1(C)O,[C][C][C@H1][O][C][=Branch1][C][=O][C@H1][Branch1][C][C][C@@H1][Branch2][Ring1][#Branch1][O][C@H1][C][C@@][Branch1][C][C][Branch1][Ring1][O][C][C@@H1][Branch1][C][O][C@H1][Branch1][C][C][O][Ring1][O][C@H1][Branch1][C][C][C@@H1][Branch2][Ring1][Branch1][O][C@@H1][O][C@H1][Branch1][C][C][C][C@H1][Branch1][=Branch1][N][Branch1][C][C][C][C@H1][Ring1][#Branch2][O][C@][Branch1][C][C][Branch1][C][O][C][C@@H1][Branch1][C][C][C][=Branch1][C][=O][C@H1][Branch1][C][C][C@@H1][Branch1][C][O][C@][Ring2][Ring2][#C][Branch1][C][C][O],"InChI=1S/C37H67NO13/c1-14-25-37(10,45)30(41)20(4)27(39)18(2)16-35(8,44)32(51-34-28(40)24(38(11)12)15-19(3)47-34)21(5)29(22(6)33(43)49-25)50-26-17-36(9,46-13)31(42)23(7)48-26/h18-26,28-32,34,40-42,44-45H,14-17H2,1-13H3/t18-,19-,20+,21+,22-,23+,24+,25-,26+,28-,29+,30-,31+,32-,34+,35-,36-,37-/m1/s1",ULGZDMOVFRHVEP-RWJQBGPGSA-N
38,MOXALACTAM,CO[C@@]1(NC(=O)C(C(=O)O)c2ccc(O)cc2)C(=O)N2C(C(=O)O)=C(CSc3nnnn3C)CO[C@@H]21,CO[C@@]1(NC(=O)C(C(=O)O)c2ccc(O)cc2)C(=O)N2C(C(=O)O)=C(CSc3nnnn3C)CO[C@@H]21,[C][O][C@@][Branch2][Ring1][=Branch2][N][C][=Branch1][C][=O][C][Branch1][=Branch1][C][=Branch1][C][=O][O][C][=C][C][=C][Branch1][C][O][C][=C][Ring1][#Branch1][C][=Branch1][C][=O][N][C][Branch1][=Branch1][C][=Branch1][C][=O][O][=C][Branch1][O][C][S][C][=N][N][=N][N][Ring1][Branch1][C][C][O][C@@H1][Ring1][P][Ring2][Ring2][C],"InChI=1S/C20H20N6O9S/c1-25-19(22-23-24-25)36-8-10-7-35-18-20(34-2,17(33)26(18)13(10)16(31)32)21-14(28)12(15(29)30)9-3-5-11(27)6-4-9/h3-6,12,18,27H,7-8H2,1-2H3,(H,21,28)(H,29,30)(H,31,32)/t12?,18-,20+/m1/s1",JWCSIUVGFCSJCK-CAVRMKNVSA-N
39,BACAMPICILLIN,CCOC(=O)OC(C)OC(=O)[C@@H]1N2C(=O)[C@@H](NC(=O)[C@H](N)c3ccccc3)[C@H]2SC1(C)C,CCOC(=O)OC(C)OC(=O)[C@@H]1N2C(=O)[C@@H](NC(=O)[C@H](N)c3ccccc3)[C@H]2SC1(C)C,[C][C][O][C][=Branch1][C][=O][O][C][Branch1][C][C][O][C][=Branch1][C][=O][C@@H1][N][C][=Branch1][C][=O][C@@H1][Branch2][Ring1][C][N][C][=Branch1][C][=O][C@H1][Branch1][C][N][C][=C][C][=C][C][=C][Ring1][=Branch1][C@H1][Ring1][S][S][C][Ring2][Ring1][Ring1][Branch1][C][C][C],"InChI=1S/C21H27N3O7S/c1-5-29-20(28)31-11(2)30-19(27)15-21(3,4)32-18-14(17(26)24(15)18)23-16(25)13(22)12-9-7-6-8-10-12/h6-11,13-15,18H,5,22H2,1-4H3,(H,23,25)/t11?,13-,14-,15+,18-/m1/s1",PFOLLRNADZZWEX-FFGRCDKISA-N
40,SULFAPHENAZOLE,Nc1ccc(S(=O)(=O)Nc2ccnn2-c2ccccc2)cc1,Nc1ccc(S(=O)(=O)Nc2ccnn2-c2ccccc2)cc1,[N][C][=C][C][=C][Branch2][Ring1][Branch2][S][=Branch1][C][=O][=Branch1][C][=O][N][C][=C][C][=N][N][Ring1][Branch1][C][=C][C][=C][C][=C][Ring1][=Branch1][C][=C][Ring2][Ring1][Branch1],"InChI=1S/C15H14N4O2S/c16-12-6-8-14(9-7-12)22(20,21)18-15-10-11-17-19(15)13-4-2-1-3-5-13/h1-11,18H,16H2",QWCJHSGMANYXCW-UHFFFAOYSA-N
41,NALIDIXIC ACID,CCn1cc(C(=O)O)c(=O)c2ccc(C)nc21,CCn1cc(C(=O)O)c(=O)c2ccc(C)nc21,[C][C][N][C][=C][Branch1][=Branch1][C][=Branch1][C][=O][O][C][=Branch1][C][=O][C][=C][C][=C][Branch1][C][C][N][=C][Ring1][#Branch1][Ring1][#C],"InChI=1S/C12H12N2O3/c1-3-14-6-9(12(16)17)10(15)8-5-4-7(2)13-11(8)14/h4-6H,3H2,1-2H3,(H,16,17)",MHWLWQUZZRMNGJ-UHFFFAOYSA-N
42,CEFSULODIN,NC(=O)c1cc[n+](CC2=C(C(=O)[O-])N3C(=O)[C@@H](NC(=O)[C@@H](c4ccccc4)S(=O)(=O)O)[C@H]3SC2)cc1,NC(=O)c1cc[n+](CC2=C(C(=O)O)N3C(=O)[C@@H](NC(=O)[C@@H](c4ccccc4)S(=O)(=O)[O-])[C@H]3SC2)cc1,[N][C][=Branch1][C][=O][C][=C][C][=N+1][Branch2][Branch1][Branch1][C][C][=C][Branch1][=Branch1][C][=Branch1][C][=O][O][N][C][=Branch1][C][=O][C@@H1][Branch2][Ring1][=Branch2][N][C][=Branch1][C][=O][C@@H1][Branch1][=Branch2][C][=C][C][=C][C][=C][Ring1][=Branch1][S][=Branch1][C][=O][=Branch1][C][=O][O-1][C@H1][Ring2][Ring1][Ring1][S][C][Ring2][Ring1][#Branch2][C][=C][Ring2][Ring1][P],"InChI=1S/C22H20N4O8S2/c23-18(27)13-6-8-25(9-7-13)10-14-11-35-21-15(20(29)26(21)16(14)22(30)31)24-19(28)17(36(32,33)34)12-4-2-1-3-5-12/h1-9,15,17,21H,10-11H2,(H4-,23,24,27,28,30,31,32,33,34)/t15-,17-,21-/m1/s1",SYLKGLMBLAAGSC-QLVMHMETSA-N
43,TEDIZOLID,Cn1nnc(-c2ccc(-c3ccc(N4C[C@H](CO)OC4=O)cc3F)cn2)n1,Cn1nnc(-c2ccc(-c3ccc(N4C[C@H](CO)OC4=O)cc3F)cn2)n1,[C][N][N][=N][C][Branch2][Ring2][Ring2][C][=C][C][=C][Branch2][Ring1][Branch2][C][=C][C][=C][Branch1][=N][N][C][C@H1][Branch1][Ring1][C][O][O][C][Ring1][#Branch1][=O][C][=C][Ring1][=C][F][C][=N][Ring2][Ring1][Branch1][=N][Ring2][Ring1][#Branch2],"InChI=1S/C17H15FN6O3/c1-23-21-16(20-22-23)15-5-2-10(7-19-15)13-4-3-11(6-14(13)18)24-8-12(9-25)27-17(24)26/h2-7,12,25H,8-9H2,1H3/t12-/m1/s1",XFALPSLJIHVRKE-GFCCVEGCSA-N
44,METHENAMINE,C1N2CN3CN1CN(C2)C3,C1N2CN3CN1CN(C2)C3,[C][N][C][N][C][N][Ring1][=Branch1][C][N][Branch1][Ring2][C][Ring1][Branch2][C][Ring1][#Branch1],InChI=1S/C6H12N4/c1-7-2-9-4-8(1)5-10(3-7)6-9/h1-6H2,VKYKSIONXSXAKP-UHFFFAOYSA-N
45,AMIKACIN,NCC[C@H](O)C(=O)N[C@@H]1C[C@H](N)[C@@H](O[C@H]2O[C@H](CN)[C@@H](O)[C@H](O)[C@H]2O)[C@H](O)[C@H]1O[C@H]1O[C@H](CO)[C@@H](O)[C@H](N)[C@H]1O,NCC[C@H](O)C(=O)N[C@@H]1C[C@H](N)[C@@H](O[C@H]2O[C@H](CN)[C@@H](O)[C@H](O)[C@H]2O)[C@H](O)[C@H]1O[C@H]1O[C@H](CO)[C@@H](O)[C@H](N)[C@H]1O,[N][C][C][C@H1][Branch1][C][O][C][=Branch1][C][=O][N][C@@H1][C][C@H1][Branch1][C][N][C@@H1][Branch2][Ring1][Branch1][O][C@H1][O][C@H1][Branch1][Ring1][C][N][C@@H1][Branch1][C][O][C@H1][Branch1][C][O][C@H1][Ring1][#Branch2][O][C@H1][Branch1][C][O][C@H1][Ring2][Ring1][Ring2][O][C@H1][O][C@H1][Branch1][Ring1][C][O][C@@H1][Branch1][C][O][C@H1][Branch1][C][N][C@H1][Ring1][#Branch2][O],"InChI=1S/C22H43N5O13/c23-2-1-8(29)20(36)27-7-3-6(25)18(39-22-16(34)15(33)13(31)9(4-24)37-22)17(35)19(7)40-21-14(32)11(26)12(30)10(5-28)38-21/h6-19,21-22,28-35H,1-5,23-26H2,(H,27,36)/t6-,7+,8-,9+,10+,11-,12+,13+,14+,15-,16+,17-,18+,19-,21+,22+/m0/s1",LKCWBDHBTVXHDL-RMDFUYIESA-N
46,CEFORANIDE,NCc1ccccc1CC(=O)N[C@@H]1C(=O)N2C(C(=O)O)=C(CSc3nnnn3CC(=O)O)CS[C@H]12,NCc1ccccc1CC(=O)N[C@@H]1C(=O)N2C(C(=O)O)=C(CSc3nnnn3CC(=O)O)CS[C@H]12,[N][C][C][=C][C][=C][C][=C][Ring1][=Branch1][C][C][=Branch1][C][=O][N][C@@H1][C][=Branch1][C][=O][N][C][Branch1][=Branch1][C][=Branch1][C][=O][O][=C][Branch1][S][C][S][C][=N][N][=N][N][Ring1][Branch1][C][C][=Branch1][C][=O][O][C][S][C@H1][Ring2][Ring1][#Branch1][Ring2][Ring1][Ring2],"InChI=1S/C20H21N7O6S2/c21-6-11-4-2-1-3-10(11)5-13(28)22-15-17(31)27-16(19(32)33)12(8-34-18(15)27)9-35-20-23-24-25-26(20)7-14(29)30/h1-4,15,18H,5-9,21H2,(H,22,28)(H,29,30)(H,32,33)/t15-,18-/m1/s1",SLAYUXIURFNXPG-CRAIPNDOSA-N
47,CEFMETAZOLE,CO[C@@]1(NC(=O)CSCC#N)C(=O)N2C(C(=O)O)=C(CSc3nnnn3C)CS[C@@H]21,CO[C@@]1(NC(=O)CSCC#N)C(=O)N2C(C(=O)O)=C(CSc3nnnn3C)CS[C@@H]21,[C][O][C@@][Branch1][O][N][C][=Branch1][C][=O][C][S][C][C][#N][C][=Branch1][C][=O][N][C][Branch1][=Branch1][C][=Branch1][C][=O][O][=C][Branch1][O][C][S][C][=N][N][=N][N][Ring1][Branch1][C][C][S][C@@H1][Ring1][P][Ring2][Ring1][N],"InChI=1S/C15H17N7O5S3/c1-21-14(18-19-20-21)30-6-8-5-29-13-15(27-2,17-9(23)7-28-4-3-16)12(26)22(13)10(8)11(24)25/h13H,4-7H2,1-2H3,(H,17,23)(H,24,25)/t13-,15+/m1/s1",SNBUBQHDYVFSQF-HIFRSBDPSA-N
48,NAFCILLIN,CCOc1ccc2ccccc2c1C(=O)N[C@@H]1C(=O)N2[C@@H]1SC(C)(C)[C@@H]2C(=O)O,CCOc1ccc2ccccc2c1C(=O)N[C@@H]1C(=O)N2[C@@H]1SC(C)(C)[C@@H]2C(=O)O,[C][C][O][C][=C][C][=C][C][=C][C][=C][C][Ring1][=Branch1][=C][Ring1][#Branch2][C][=Branch1][C][=O][N][C@@H1][C][=Branch1][C][=O][N][C@@H1][Ring1][Branch1][S][C][Branch1][C][C][Branch1][C][C][C@@H1][Ring1][#Branch1][C][=Branch1][C][=O][O],"InChI=1S/C21H22N2O5S/c1-4-28-13-10-9-11-7-5-6-8-12(11)14(13)17(24)22-15-18(25)23-16(20(26)27)21(2,3)29-19(15)23/h5-10,15-16,19H,4H2,1-3H3,(H,22,24)(H,26,27)/t15-,16+,19-/m1/s1",GPXLMGHLHQJAGZ-JTDSTZFVSA-N
49,MINOCYCLINE,CN(C)c1ccc(O)c2c1C[C@H]1C[C@H]3[C@H](N(C)C)C(O)=C(C(N)=O)C(=O)[C@@]3(O)C(O)=C1C2=O,CN(C)c1ccc(O)c2c1C[C@H]1C[C@H]3[C@H](N(C)C)C(O)=C(C(N)=O)C(=O)[C@@]3(O)C(O)=C1C2=O,[C][N][Branch1][C][C][C][=C][C][=C][Branch1][C][O][C][=C][Ring1][#Branch1][C][C@H1][C][C@H1][C@H1][Branch1][=Branch1][N][Branch1][C][C][C][C][Branch1][C][O][=C][Branch1][=Branch1][C][Branch1][C][N][=O][C][=Branch1][C][=O][C@@][Ring1][=C][Branch1][C][O][C][Branch1][C][O][=C][Ring2][Ring1][Ring2][C][Ring2][Ring1][Branch2][=O],"InChI=1S/C23H27N3O7/c1-25(2)12-5-6-13(27)15-10(12)7-9-8-11-17(26(3)4)19(29)16(22(24)32)21(31)23(11,33)20(30)14(9)18(15)28/h5-6,9,11,17,27,29-30,33H,7-8H2,1-4H3,(H2,24,32)/t9-,11-,17-,23-/m0/s1",DYKFCLLONBREIL-KVUCHLLUSA-N
50,KANAMYCIN,NC[C@H]1O[C@H](O[C@H]2[C@H](O)[C@@H](O[C@H]3O[C@H](CO)[C@@H](O)[C@H](N)[C@H]3O)[C@H](N)C[C@@H]2N)[C@H](O)[C@@H](O)[C@@H]1O,NC[C@H]1O[C@H](O[C@H]2[C@H](O)[C@@H](O[C@H]3O[C@H](CO)[C@@H](O)[C@H](N)[C@H]3O)[C@H](N)C[C@@H]2N)[C@H](O)[C@@H](O)[C@@H]1O,[N][C][C@H1][O][C@H1][Branch2][Ring2][=Branch2][O][C@H1][C@H1][Branch1][C][O][C@@H1][Branch2][Ring1][Branch1][O][C@H1][O][C@H1][Branch1][Ring1][C][O][C@@H1][Branch1][C][O][C@H1][Branch1][C][N][C@H1][Ring1][#Branch2][O][C@H1][Branch1][C][N][C][C@@H1][Ring2][Ring1][Ring2][N][C@H1][Branch1][C][O][C@@H1][Branch1][C][O][C@@H1][Ring2][Ring1][=C][O],"InChI=1S/C18H36N4O11/c19-2-6-10(25)12(27)13(28)18(30-6)33-16-5(21)1-4(20)15(14(16)29)32-17-11(26)8(22)9(24)7(3-23)31-17/h4-18,23-29H,1-3,19-22H2/t4-,5+,6-,7-,8+,9-,10-,11-,12+,13-,14-,15+,16-,17-,18-/m1/s1",SBUJHOSQTJFQJX-NOAMYHISSA-N
51,TETRACYCLINE,CN(C)[C@@H]1C(O)=C(C(N)=O)C(=O)[C@@]2(O)C(O)=C3C(=O)c4c(O)cccc4[C@@](C)(O)[C@H]3C[C@@H]12,CN(C)[C@@H]1C(O)=C(C(N)=O)C(=O)[C@@]2(O)C(O)=C3C(=O)c4c(O)cccc4[C@@](C)(O)[C@H]3C[C@@H]12,[C][N][Branch1][C][C][C@@H1][C][Branch1][C][O][=C][Branch1][=Branch1][C][Branch1][C][N][=O][C][=Branch1][C][=O][C@@][Branch1][C][O][C][Branch1][C][O][=C][C][=Branch1][C][=O][C][=C][Branch1][C][O][C][=C][C][=C][Ring1][#Branch1][C@@][Branch1][C][C][Branch1][C][O][C@H1][Ring1][=C][C][C@@H1][Ring2][Ring1][=N][Ring2][Ring1][Ring2],"InChI=1S/C22H24N2O8/c1-21(31)8-5-4-6-11(25)12(8)16(26)13-9(21)7-10-15(24(2)3)17(27)14(20(23)30)19(29)22(10,32)18(13)28/h4-6,9-10,15,25,27-28,31-32H,7H2,1-3H3,(H2,23,30)/t9-,10-,15-,21+,22-/m0/s1",OFVLGDICTFRJMM-WESIUVDSSA-N
52,PLAZOMICIN,CN[C@@H]1[C@@H](O)[C@@H](O[C@@H]2[C@@H](O)[C@H](O[C@H]3OC(CNCCO)=CC[C@H]3N)[C@@H](N)C[C@H]2NC(=O)[C@@H](O)CCN)OC[C@]1(C)O,CN[C@@H]1[C@@H](O)[C@@H](O[C@@H]2[C@@H](O)[C@H](O[C@H]3OC(CNCCO)=CC[C@H]3N)[C@@H](N)C[C@H]2NC(=O)[C@@H](O)CCN)OC[C@]1(C)O,[C][N][C@@H1][C@@H1][Branch1][C][O][C@@H1][Branch2][Ring2][P][O][C@@H1][C@@H1][Branch1][C][O][C@H1][Branch2][Ring1][C][O][C@H1][O][C][Branch1][=Branch1][C][N][C][C][O][=C][C][C@H1][Ring1][O][N][C@@H1][Branch1][C][N][C][C@H1][Ring2][Ring1][Branch1][N][C][=Branch1][C][=O][C@@H1][Branch1][C][O][C][C][N][O][C][C@][Ring2][Ring2][Branch1][Branch1][C][C][O],"InChI=1S/C25H48N6O10/c1-25(37)11-38-24(18(35)21(25)29-2)41-20-15(31-22(36)16(33)5-6-26)9-14(28)19(17(20)34)40-23-13(27)4-3-12(39-23)10-30-7-8-32/h3,13-21,23-24,29-30,32-35,37H,4-11,26-28H2,1-2H3,(H,31,36)/t13-,14+,15-,16+,17+,18-,19-,20+,21-,23-,24-,25+/m1/s1",IYDYFVUFSPQPPV-PEXOCOHZSA-N
53,OXACILLIN,Cc1onc(-c2ccccc2)c1C(=O)N[C@@H]1C(=O)N2[C@@H]1SC(C)(C)[C@@H]2C(=O)O,Cc1onc(-c2ccccc2)c1C(=O)N[C@@H]1C(=O)N2[C@@H]1SC(C)(C)[C@@H]2C(=O)O,[C][C][O][N][=C][Branch1][=Branch2][C][=C][C][=C][C][=C][Ring1][=Branch1][C][=Ring1][O][C][=Branch1][C][=O][N][C@@H1][C][=Branch1][C][=O][N][C@@H1][Ring1][Branch1][S][C][Branch1][C][C][Branch1][C][C][C@@H1][Ring1][#Branch1][C][=Branch1][C][=O][O],"InChI=1S/C19H19N3O5S/c1-9-11(12(21-27-9)10-7-5-4-6-8-10)15(23)20-13-16(24)22-14(18(25)26)19(2,3)28-17(13)22/h4-8,13-14,17H,1-3H3,(H,20,23)(H,25,26)/t13-,14+,17-/m1/s1",UWYHMGVUTGAWSP-JKIFEVAISA-N
54,SPIRAMYCIN,CO[C@@H]1[C@@H](O[C@@H]2O[C@H](C)[C@@H](O[C@H]3C[C@@](C)(O)[C@@H](O)[C@H](C)O3)[C@H](N(C)C)[C@H]2O)[C@@H](CC=O)C[C@@H](C)[C@@H](O[C@H]2CC[C@H](N(C)C)[C@@H](C)O2)/C=C/C=C/C[C@@H](C)OC(=O)C[C@H]1O,CO[C@@H]1[C@@H](O[C@@H]2O[C@H](C)[C@@H](O[C@H]3C[C@@](C)(O)[C@@H](O)[C@H](C)O3)[C@H](N(C)C)[C@H]2O)[C@@H](CC=O)C[C@@H](C)[C@@H](O[C@H]2CC[C@H](N(C)C)[C@@H](C)O2)/C=C/C=C/C[C@@H](C)OC(=O)C[C@H]1O,[C][O][C@@H1][C@@H1][Branch2][Ring2][=C][O][C@@H1][O][C@H1][Branch1][C][C][C@@H1][Branch2][Ring1][=Branch1][O][C@H1][C][C@@][Branch1][C][C][Branch1][C][O][C@@H1][Branch1][C][O][C@H1][Branch1][C][C][O][Ring1][#Branch2][C@H1][Branch1][=Branch1][N][Branch1][C][C][C][C@H1][Ring2][Ring1][Branch1][O][C@@H1][Branch1][Ring2][C][C][=O][C][C@@H1][Branch1][C][C][C@@H1][Branch2][Ring1][Ring2][O][C@H1][C][C][C@H1][Branch1][=Branch1][N][Branch1][C][C][C][C@@H1][Branch1][C][C][O][Ring1][#Branch2][/C][=C][/C][=C][/C][C@@H1][Branch1][C][C][O][C][=Branch1][C][=O][C][C@H1][Ring2][Branch1][Branch2][O],"InChI=1S/C43H74N2O14/c1-24-21-29(19-20-46)39(59-42-37(49)36(45(9)10)38(27(4)56-42)58-35-23-43(6,51)41(50)28(5)55-35)40(52-11)31(47)22-33(48)53-25(2)15-13-12-14-16-32(24)57-34-18-17-30(44(7)8)26(3)54-34/h12-14,16,20,24-32,34-42,47,49-51H,15,17-19,21-23H2,1-11H3/b13-12+,16-14+/t24-,25-,26-,27-,28+,29+,30+,31-,32+,34+,35+,36-,37-,38-,39+,40+,41+,42+,43-/m1/s1",ACTOXUHEUCPTEW-CEUOBAOPSA-N
55,AMPICILLIN,CC1(C)S[C@@H]2[C@H](NC(=O)[C@H](N)c3ccccc3)C(=O)N2[C@H]1C(=O)O,CC1(C)S[C@@H]2[C@H](NC(=O)[C@H](N)c3ccccc3)C(=O)N2[C@H]1C(=O)O,[C][C][Branch1][C][C][S][C@@H1][C@H1][Branch2][Ring1][C][N][C][=Branch1][C][=O][C@H1][Branch1][C][N][C][=C][C][=C][C][=C][Ring1][=Branch1][C][=Branch1][C][=O][N][Ring1][S][C@H1][Ring2][Ring1][Ring2][C][=Branch1][C][=O][O],"InChI=1S/C16H19N3O4S/c1-16(2)11(15(22)23)19-13(21)10(14(19)24-16)18-12(20)9(17)8-6-4-3-5-7-8/h3-7,9-11,14H,17H2,1-2H3,(H,18,20)(H,22,23)/t9-,10-,11+,14-/m1/s1",AVKUERGKIZMTKX-NJBDSQKTSA-N
56,SPECTINOMYCIN,CN[C@@H]1[C@H](O)[C@H](NC)[C@H]2O[C@@]3(O)C(=O)C[C@@H](C)O[C@H]3O[C@@H]2[C@H]1O,CN[C@@H]1[C@H](O)[C@H](NC)[C@H]2O[C@@]3(O)C(=O)C[C@@H](C)O[C@H]3O[C@@H]2[C@H]1O,[C][N][C@@H1][C@H1][Branch1][C][O][C@H1][Branch1][Ring1][N][C][C@H1][O][C@@][Branch1][C][O][C][=Branch1][C][=O][C][C@@H1][Branch1][C][C][O][C@H1][Ring1][=Branch2][O][C@@H1][Ring1][=N][C@H1][Ring2][Ring1][Ring2][O],"InChI=1S/C14H24N2O7/c1-5-4-6(17)14(20)13(21-5)22-12-10(19)7(15-2)9(18)8(16-3)11(12)23-14/h5,7-13,15-16,18-20H,4H2,1-3H3/t5-,7-,8+,9+,10+,11-,12-,13+,14+/m1/s1",UNFWWIHTNXNPBV-WXKVUWSESA-N
57,STREPTOMYCIN,CN[C@@H]1[C@H](O[C@H]2[C@H](O[C@H]3[C@H](O)[C@@H](O)[C@H](N=C(N)N)[C@@H](O)[C@@H]3N=C(N)N)O[C@@H](C)[C@]2(O)C=O)O[C@@H](CO)[C@H](O)[C@H]1O,CN[C@@H]1[C@H](O[C@H]2[C@H](O[C@H]3[C@H](O)[C@@H](O)[C@H](N=C(N)N)[C@@H](O)[C@@H]3N=C(N)N)O[C@@H](C)[C@]2(O)C=O)O[C@@H](CO)[C@H](O)[C@H]1O,[C][N][C@@H1][C@H1][Branch2][Branch1][Branch1][O][C@H1][C@H1][Branch2][Ring1][P][O][C@H1][C@H1][Branch1][C][O][C@@H1][Branch1][C][O][C@H1][Branch1][#Branch1][N][=C][Branch1][C][N][N][C@@H1][Branch1][C][O][C@@H1][Ring1][=N][N][=C][Branch1][C][N][N][O][C@@H1][Branch1][C][C][C@][Ring2][Ring1][Branch2][Branch1][C][O][C][=O][O][C@@H1][Branch1][Ring1][C][O][C@H1][Branch1][C][O][C@H1][Ring2][Ring2][Branch1][O],"InChI=1S/C21H39N7O12/c1-5-21(36,4-30)16(40-17-9(26-2)13(34)10(31)6(3-29)38-17)18(37-5)39-15-8(28-20(24)25)11(32)7(27-19(22)23)12(33)14(15)35/h4-18,26,29,31-36H,3H2,1-2H3,(H4,22,23,27)(H4,24,25,28)/t5-,6-,7+,8-,9-,10-,11+,12-,13-,14+,15+,16-,17-,18-,21+/m0/s1",UCSJYZPVAKXKNQ-HZYVHMACSA-N
58,ERAVACYCLINE,CN(C)[C@@H]1C(O)=C(C(N)=O)C(=O)[C@@]2(O)C(O)=C3C(=O)c4c(O)c(NC(=O)CN5CCCC5)cc(F)c4C[C@H]3C[C@@H]12,CN(C)[C@@H]1C(O)=C(C(N)=O)C(=O)[C@@]2(O)C(O)=C3C(=O)c4c(O)c(NC(=O)CN5CCCC5)cc(F)c4C[C@H]3C[C@@H]12,[C][N][Branch1][C][C][C@@H1][C][Branch1][C][O][=C][Branch1][=Branch1][C][Branch1][C][N][=O][C][=Branch1][C][=O][C@@][Branch1][C][O][C][Branch1][C][O][=C][C][=Branch1][C][=O][C][=C][Branch1][C][O][C][Branch1][=C][N][C][=Branch1][C][=O][C][N][C][C][C][C][Ring1][Branch1][=C][C][Branch1][C][F][=C][Ring1][P][C][C@H1][Ring2][Ring1][=Branch1][C][C@@H1][Ring2][Ring2][Branch1][Ring2][Ring1][N],"InChI=1S/C27H31FN4O8/c1-31(2)20-13-8-11-7-12-14(28)9-15(30-16(33)10-32-5-3-4-6-32)21(34)18(12)22(35)17(11)24(37)27(13,40)25(38)19(23(20)36)26(29)39/h9,11,13,20,34,36-37,40H,3-8,10H2,1-2H3,(H2,29,39)(H,30,33)/t11-,13-,20-,27-/m0/s1",HLFSMUUOKPBTSM-ISIOAQNYSA-N
59,TELITHROMYCIN,CC[C@H]1OC(=O)[C@H](C)C(=O)[C@H](C)[C@@H](O[C@@H]2O[C@H](C)C[C@H](N(C)C)[C@H]2O)[C@](C)(OC)C[C@@H](C)C(=O)[C@H](C)[C@H]2N(CCCCn3cnc(-c4cccnc4)c3)C(=O)O[C@]12C,CC[C@H]1OC(=O)[C@H](C)C(=O)[C@H](C)[C@@H](O[C@@H]2O[C@H](C)C[C@H](N(C)C)[C@H]2O)[C@](C)(OC)C[C@@H](C)C(=O)[C@H](C)[C@H]2N(CCCCn3cnc(-c4cccnc4)c3)C(=O)O[C@]12C,[C][C][C@H1][O][C][=Branch1][C][=O][C@H1][Branch1][C][C][C][=Branch1][C][=O][C@H1][Branch1][C][C][C@@H1][Branch2][Ring1][Branch1][O][C@@H1][O][C@H1][Branch1][C][C][C][C@H1][Branch1][=Branch1][N][Branch1][C][C][C][C@H1][Ring1][#Branch2][O][C@][Branch1][C][C][Branch1][Ring1][O][C][C][C@@H1][Branch1][C][C][C][=Branch1][C][=O][C@H1][Branch1][C][C][C@H1][N][Branch2][Ring1][=Branch1][C][C][C][C][N][C][=N][C][Branch1][=Branch2][C][=C][C][=C][N][=C][Ring1][=Branch1][=C][Ring1][O][C][=Branch1][C][=O][O][C@][Ring2][Branch1][#Branch1][Ring2][Ring1][Branch1][C],"InChI=1S/C43H65N5O10/c1-12-33-43(8)37(48(41(53)58-43)19-14-13-18-47-23-31(45-24-47)30-16-15-17-44-22-30)27(4)34(49)25(2)21-42(7,54-11)38(28(5)35(50)29(6)39(52)56-33)57-40-36(51)32(46(9)10)20-26(3)55-40/h15-17,22-29,32-33,36-38,40,51H,12-14,18-21H2,1-11H3/t25-,26-,27+,28+,29-,32+,33-,36-,37-,38-,40+,42-,43-/m1/s1",LJVAJPDWBABPEJ-PNUFFHFMSA-N
60,PHENETHICILLIN,CC(Oc1ccccc1)C(=O)N[C@@H]1C(=O)N2[C@@H]1SC(C)(C)[C@@H]2C(=O)O,CC(Oc1ccccc1)C(=O)N[C@@H]1C(=O)N2[C@@H]1SC(C)(C)[C@@H]2C(=O)O,[C][C][Branch1][#Branch2][O][C][=C][C][=C][C][=C][Ring1][=Branch1][C][=Branch1][C][=O][N][C@@H1][C][=Branch1][C][=O][N][C@@H1][Ring1][Branch1][S][C][Branch1][C][C][Branch1][C][C][C@@H1][Ring1][#Branch1][C][=Branch1][C][=O][O],"InChI=1S/C17H20N2O5S/c1-9(24-10-7-5-4-6-8-10)13(20)18-11-14(21)19-12(16(22)23)17(2,3)25-15(11)19/h4-9,11-12,15H,1-3H3,(H,18,20)(H,22,23)/t9?,11-,12+,15-/m1/s1",NONJJLVGHLVQQM-JHXYUMNGSA-N
61,VANCOMYCIN,CN[C@H](CC(C)C)C(=O)N[C@H]1C(=O)N[C@@H](CC(N)=O)C(=O)N[C@H]2C(=O)N[C@H]3C(=O)N[C@H](C(=O)N[C@H](C(=O)O)c4cc(O)cc(O)c4-c4cc3ccc4O)[C@H](O)c3ccc(c(Cl)c3)Oc3cc2cc(c3O[C@@H]2O[C@H](CO)[C@@H](O)[C@H](O)[C@H]2O[C@H]2C[C@](C)(N)[C@H](O)[C@H](C)O2)Oc2ccc(cc2Cl)[C@H]1O,CN[C@H](CC(C)C)C(=O)N[C@H]1C(=O)N[C@@H](CC(N)=O)C(=O)N[C@H]2C(=O)N[C@H]3C(=O)N[C@H](C(=O)N[C@H](C(=O)O)c4cc(O)cc(O)c4-c4cc3ccc4O)[C@H](O)c3ccc(c(Cl)c3)Oc3cc2cc(c3O[C@@H]2O[C@H](CO)[C@@H](O)[C@H](O)[C@H]2O[C@H]2C[C@](C)(N)[C@H](O)[C@H](C)O2)Oc2ccc(cc2Cl)[C@H]1O,[C][N][C@H1][Branch1][#Branch1][C][C][Branch1][C][C][C][C][=Branch1][C][=O][N][C@H1][C][=Branch1][C][=O][N][C@@H1][Branch1][#Branch1][C][C][Branch1][C][N][=O][C][=Branch1][C][=O][N][C@H1][C][=Branch1][C][=O][N][C@H1][C][=Branch1][C][=O][N][C@H1][Branch2][Ring2][Branch2][C][=Branch1][C][=O][N][C@H1][Branch1][=Branch1][C][=Branch1][C][=O][O][C][=C][C][Branch1][C][O][=C][C][Branch1][C][O][=C][Ring1][Branch2][C][=C][C][Ring2][Ring1][#Branch1][=C][C][=C][Ring1][=Branch1][O][C@H1][Branch1][C][O][C][=C][C][=C][Branch1][Branch2][C][Branch1][C][Cl][=C][Ring1][#Branch1][O][C][=C][C][Ring2][Ring2][N][=C][C][=Branch2][Ring2][N][=C][Ring1][=Branch1][O][C@@H1][O][C@H1][Branch1][Ring1][C][O][C@@H1][Branch1][C][O][C@H1][Branch1][C][O][C@H1][Ring1][#Branch2][O][C@H1][C][C@][Branch1][C][C][Branch1][C][N][C@H1][Branch1][C][O][C@H1][Branch1][C][C][O][Ring1][#Branch2][O][C][=C][C][=C][Branch1][=Branch1][C][=C][Ring1][=Branch1][Cl][C@H1][Ring2][#Branch1][#Branch2][O],"InChI=1S/C66H75Cl2N9O24/c1-23(2)12-34(71-5)58(88)76-49-51(83)26-7-10-38(32(67)14-26)97-40-16-28-17-41(55(40)101-65-56(54(86)53(85)42(22-78)99-65)100-44-21-66(4,70)57(87)24(3)96-44)98-39-11-8-27(15-33(39)68)52(84)50-63(93)75-48(64(94)95)31-18-29(79)19-37(81)45(31)30-13-25(6-9-36(30)80)46(60(90)77-50)74-61(91)47(28)73-59(89)35(20-43(69)82)72-62(49)92/h6-11,13-19,23-24,34-35,42,44,46-54,56-57,65,71,78-81,83-87H,12,20-22,70H2,1-5H3,(H2,69,82)(H,72,92)(H,73,89)(H,74,91)(H,75,93)(H,76,88)(H,77,90)(H,94,95)/t24-,34+,35-,42+,44-,46+,47+,48-,49+,50-,51+,52+,53+,54-,56+,57+,65-,66-/m0/s1",MYPYJXKWCTUITO-LYRMYLQWSA-N
62,CEFTIZOXIME,CO/N=C(\C(=O)N[C@@H]1C(=O)N2C(C(=O)O)=CCS[C@H]12)c1csc(N)n1,CO/N=C(\C(=O)N[C@@H]1C(=O)N2C(C(=O)O)=CCS[C@H]12)c1csc(N)n1,[C][O][/N][=C][Branch2][Ring1][N][\C][=Branch1][C][=O][N][C@@H1][C][=Branch1][C][=O][N][C][Branch1][=Branch1][C][=Branch1][C][=O][O][=C][C][S][C@H1][Ring1][N][Ring1][=Branch2][C][=C][S][C][Branch1][C][N][=N][Ring1][=Branch1],"InChI=1S/C13H13N5O5S2/c1-23-17-7(5-4-25-13(14)15-5)9(19)16-8-10(20)18-6(12(21)22)2-3-24-11(8)18/h2,4,8,11H,3H2,1H3,(H2,14,15)(H,16,19)(H,21,22)/b17-7-/t8-,11-/m1/s1",NNULBSISHYWZJU-LLKWHZGFSA-N
63,CEFADROXIL,CC1=C(C(=O)O)N2C(=O)[C@@H](NC(=O)[C@H](N)c3ccc(O)cc3)[C@H]2SC1,CC1=C(C(=O)O)N2C(=O)[C@@H](NC(=O)[C@H](N)c3ccc(O)cc3)[C@H]2SC1,[C][C][=C][Branch1][=Branch1][C][=Branch1][C][=O][O][N][C][=Branch1][C][=O][C@@H1][Branch2][Ring1][Branch1][N][C][=Branch1][C][=O][C@H1][Branch1][C][N][C][=C][C][=C][Branch1][C][O][C][=C][Ring1][#Branch1][C@H1][Ring1][P][S][C][Ring2][Ring1][Branch2],"InChI=1S/C16H17N3O5S/c1-7-6-25-15-11(14(22)19(15)12(7)16(23)24)18-13(21)10(17)8-2-4-9(20)5-3-8/h2-5,10-11,15,20H,6,17H2,1H3,(H,18,21)(H,23,24)/t10-,11-,15-/m1/s1",BOEGTKLJZSQCCD-UEKVPHQBSA-N
64,CEPHAPIRIN,CC(=O)OCC1=C(C(=O)O)N2C(=O)[C@@H](NC(=O)CSc3ccncc3)[C@H]2SC1,CC(=O)OCC1=C(C(=O)O)N2C(=O)[C@@H](NC(=O)CSc3ccncc3)[C@H]2SC1,[C][C][=Branch1][C][=O][O][C][C][=C][Branch1][=Branch1][C][=Branch1][C][=O][O][N][C][=Branch1][C][=O][C@@H1][Branch1][S][N][C][=Branch1][C][=O][C][S][C][=C][C][=N][C][=C][Ring1][=Branch1][C@H1][Ring1][S][S][C][Ring2][Ring1][#Branch1],"InChI=1S/C17H17N3O6S2/c1-9(21)26-6-10-7-28-16-13(15(23)20(16)14(10)17(24)25)19-12(22)8-27-11-2-4-18-5-3-11/h2-5,13,16H,6-8H2,1H3,(H,19,22)(H,24,25)/t13-,16-/m1/s1",UQLLWWBDSUHNEB-CZUORRHYSA-N
65,SULFADIAZINE,Nc1ccc(S(=O)(=O)Nc2ncccn2)cc1,Nc1ccc(S(=O)(=O)Nc2ncccn2)cc1,[N][C][=C][C][=C][Branch1][P][S][=Branch1][C][=O][=Branch1][C][=O][N][C][=N][C][=C][C][=N][Ring1][=Branch1][C][=C][Ring1][S],"InChI=1S/C10H10N4O2S/c11-8-2-4-9(5-3-8)17(15,16)14-10-12-6-1-7-13-10/h1-7H,11H2,(H,12,13,14)",SEEPANYCNGTZFQ-UHFFFAOYSA-N
66,SULTAMICILLIN,CC1(C)S[C@@H]2[C@H](NC(=O)[C@H](N)c3ccccc3)C(=O)N2[C@H]1C(=O)OCOC(=O)[C@@H]1N2C(=O)C[C@H]2S(=O)(=O)C1(C)C,CC1(C)S[C@@H]2[C@H](NC(=O)[C@H](N)c3ccccc3)C(=O)N2[C@H]1C(=O)OCOC(=O)[C@@H]1N2C(=O)C[C@H]2S(=O)(=O)C1(C)C,[C][C][Branch1][C][C][S][C@@H1][C@H1][Branch2][Ring1][C][N][C][=Branch1][C][=O][C@H1][Branch1][C][N][C][=C][C][=C][C][=C][Ring1][=Branch1][C][=Branch1][C][=O][N][Ring1][S][C@H1][Ring2][Ring1][Ring2][C][=Branch1][C][=O][O][C][O][C][=Branch1][C][=O][C@@H1][N][C][=Branch1][C][=O][C][C@H1][Ring1][Branch1][S][=Branch1][C][=O][=Branch1][C][=O][C][Ring1][#Branch2][Branch1][C][C][C],"InChI=1S/C25H30N4O9S2/c1-24(2)17(29-20(32)16(21(29)39-24)27-19(31)15(26)12-8-6-5-7-9-12)22(33)37-11-38-23(34)18-25(3,4)40(35,36)14-10-13(30)28(14)18/h5-9,14-18,21H,10-11,26H2,1-4H3,(H,27,31)/t14-,15-,16-,17+,18+,21-/m1/s1",OPYGFNJSCUDTBT-PMLPCWDUSA-N
67,OXYTETRACYCLINE,CN(C)[C@@H]1C(O)=C(C(N)=O)C(=O)[C@@]2(O)C(O)=C3C(=O)c4c(O)cccc4[C@@](C)(O)[C@H]3[C@H](O)[C@@H]12,CN(C)[C@@H]1C(O)=C(C(N)=O)C(=O)[C@@]2(O)C(O)=C3C(=O)c4c(O)cccc4[C@@](C)(O)[C@H]3[C@H](O)[C@@H]12,[C][N][Branch1][C][C][C@@H1][C][Branch1][C][O][=C][Branch1][=Branch1][C][Branch1][C][N][=O][C][=Branch1][C][=O][C@@][Branch1][C][O][C][Branch1][C][O][=C][C][=Branch1][C][=O][C][=C][Branch1][C][O][C][=C][C][=C][Ring1][#Branch1][C@@][Branch1][C][C][Branch1][C][O][C@H1][Ring1][=C][C@H1][Branch1][C][O][C@@H1][Ring2][Ring1][=C][Ring2][Ring1][Branch1],"InChI=1S/C22H24N2O9/c1-21(32)7-5-4-6-8(25)9(7)15(26)10-12(21)17(28)13-14(24(2)3)16(27)11(20(23)31)19(30)22(13,33)18(10)29/h4-6,12-14,17,25,27-29,32-33H,1-3H3,(H2,23,31)/t12-,13-,14+,17+,21-,22+/m1/s1",IWVCMVBTMGNXQD-PXOLEDIWSA-N
68,SULFAMETHOXAZOLE,Cc1cc(NS(=O)(=O)c2ccc(N)cc2)no1,Cc1cc(NS(=O)(=O)c2ccc(N)cc2)no1,[C][C][=C][C][Branch2][Ring1][Ring2][N][S][=Branch1][C][=O][=Branch1][C][=O][C][=C][C][=C][Branch1][C][N][C][=C][Ring1][#Branch1][=N][O][Ring1][S],"InChI=1S/C10H11N3O3S/c1-7-6-10(12-16-7)13-17(14,15)9-4-2-8(11)3-5-9/h2-6H,11H2,1H3,(H,12,13)",JLKIGFTWXXRPMT-UHFFFAOYSA-N
69,AMOXICILLIN,CC1(C)S[C@@H]2[C@H](NC(=O)[C@H](N)c3ccc(O)cc3)C(=O)N2[C@H]1C(=O)O,CC1(C)S[C@@H]2[C@H](NC(=O)[C@H](N)c3ccc(O)cc3)C(=O)N2[C@H]1C(=O)O,[C][C][Branch1][C][C][S][C@@H1][C@H1][Branch2][Ring1][Branch1][N][C][=Branch1][C][=O][C@H1][Branch1][C][N][C][=C][C][=C][Branch1][C][O][C][=C][Ring1][#Branch1][C][=Branch1][C][=O][N][Ring1][P][C@H1][Ring2][Ring1][Branch1][C][=Branch1][C][=O][O],"InChI=1S/C16H19N3O5S/c1-16(2)11(15(23)24)19-13(22)10(14(19)25-16)18-12(21)9(17)7-3-5-8(20)6-4-7/h3-6,9-11,14,20H,17H2,1-2H3,(H,18,21)(H,23,24)/t9-,10-,11+,14-/m1/s1",LSQZJLSUYDQPKJ-NJBDSQKTSA-N
70,TROVAFLOXACIN,N[C@@H]1[C@H]2CN(c3nc4c(cc3F)c(=O)c(C(=O)O)cn4-c3ccc(F)cc3F)C[C@@H]12,N[C@@H]1[C@H]2CN(c3nc4c(cc3F)c(=O)c(C(=O)O)cn4-c3ccc(F)cc3F)C[C@@H]12,[N][C@@H1][C@H1][C][N][Branch2][Ring2][Branch2][C][=N][C][=C][Branch1][=Branch1][C][=C][Ring1][=Branch1][F][C][=Branch1][C][=O][C][Branch1][=Branch1][C][=Branch1][C][=O][O][=C][N][Ring1][=N][C][=C][C][=C][Branch1][C][F][C][=C][Ring1][#Branch1][F][C][C@@H1][Ring2][Ring1][=N][Ring2][Ring1][N],"InChI=1S/C20H15F3N4O3/c21-8-1-2-15(13(22)3-8)27-7-12(20(29)30)17(28)9-4-14(23)19(25-18(9)27)26-5-10-11(6-26)16(10)24/h1-4,7,10-11,16H,5-6,24H2,(H,29,30)/t10-,11+,16+",WVPSKSLAZQPAKQ-CDMJZVDBSA-N
71,CEFIXIME,C=CC1=C(C(=O)O)N2C(=O)[C@@H](NC(=O)/C(=N\OCC(=O)O)c3csc(N)n3)[C@H]2SC1,C=CC1=C(C(=O)O)N2C(=O)[C@@H](NC(=O)/C(=N\OCC(=O)O)c3csc(N)n3)[C@H]2SC1,[C][=C][C][=C][Branch1][=Branch1][C][=Branch1][C][=O][O][N][C][=Branch1][C][=O][C@@H1][Branch2][Ring1][O][N][C][=Branch1][C][=O][/C][=Branch1][=Branch2][=N][\O][C][C][=Branch1][C][=O][O][C][=C][S][C][Branch1][C][N][=N][Ring1][=Branch1][C@H1][Ring2][Ring1][Branch1][S][C][Ring2][Ring1][N],"InChI=1S/C16H15N5O7S2/c1-2-6-4-29-14-10(13(25)21(14)11(6)15(26)27)19-12(24)9(20-28-3-8(22)23)7-5-30-16(17)18-7/h2,5,10,14H,1,3-4H2,(H2,17,18)(H,19,24)(H,22,23)(H,26,27)/b20-9-/t10-,14-/m1/s1",OKBVVJOGVLARMR-QSWIMTSFSA-N
72,CEFTRIAXONE,CO/N=C(\C(=O)N[C@@H]1C(=O)N2C(C(=O)O)=C(CSc3nc(=O)c(O)nn3C)CS[C@H]12)c1csc(N)n1,CO/N=C(\C(=O)N[C@@H]1C(=O)N2C(C(=O)O)=C(CSc3nc(=O)c(O)nn3C)CS[C@H]12)c1csc(N)n1,[C][O][/N][=C][Branch2][Branch1][C][\C][=Branch1][C][=O][N][C@@H1][C][=Branch1][C][=O][N][C][Branch1][=Branch1][C][=Branch1][C][=O][O][=C][Branch2][Ring1][C][C][S][C][=N][C][=Branch1][C][=O][C][Branch1][C][O][=N][N][Ring1][Branch2][C][C][S][C@H1][Ring2][Ring1][#Branch1][Ring2][Ring1][Ring2][C][=C][S][C][Branch1][C][N][=N][Ring1][=Branch1],"InChI=1S/C18H18N8O7S3/c1-25-18(22-12(28)13(29)23-25)36-4-6-3-34-15-9(14(30)26(15)10(6)16(31)32)21-11(27)8(24-33-2)7-5-35-17(19)20-7/h5,9,15H,3-4H2,1-2H3,(H2,19,20)(H,21,27)(H,23,29)(H,31,32)/b24-8-/t9-,15-/m1/s1",VAAUVRVFOQPIGI-SPQHTLEESA-N
73,CLINDAMYCIN,CCC[C@@H]1C[C@@H](C(=O)N[C@@H]([C@H]2O[C@H](SC)[C@H](O)[C@@H](O)[C@H]2O)[C@H](C)Cl)N(C)C1,CCC[C@@H]1C[C@@H](C(=O)N[C@@H]([C@H]2O[C@H](SC)[C@H](O)[C@@H](O)[C@H]2O)[C@H](C)Cl)N(C)C1,[C][C][C][C@@H1][C][C@@H1][Branch2][Ring2][C][C][=Branch1][C][=O][N][C@@H1][Branch2][Ring1][Ring2][C@H1][O][C@H1][Branch1][Ring1][S][C][C@H1][Branch1][C][O][C@@H1][Branch1][C][O][C@H1][Ring1][#Branch2][O][C@H1][Branch1][C][C][Cl][N][Branch1][C][C][C][Ring2][Ring1][Branch2],"InChI=1S/C18H33ClN2O5S/c1-5-6-10-7-11(21(3)8-10)17(25)20-12(9(2)19)16-14(23)13(22)15(24)18(26-16)27-4/h9-16,18,22-24H,5-8H2,1-4H3,(H,20,25)/t9-,10+,11-,12+,13-,14+,15+,16+,18+/m0/s1",KDLRVYVGXIQJDK-AWPVFWJPSA-N
74,AZLOCILLIN,CC1(C)S[C@@H]2[C@H](NC(=O)[C@H](NC(=O)N3CCNC3=O)c3ccccc3)C(=O)N2[C@H]1C(=O)O,CC1(C)S[C@@H]2[C@H](NC(=O)[C@H](NC(=O)N3CCNC3=O)c3ccccc3)C(=O)N2[C@H]1C(=O)O,[C][C][Branch1][C][C][S][C@@H1][C@H1][Branch2][Ring1][=C][N][C][=Branch1][C][=O][C@H1][Branch1][=C][N][C][=Branch1][C][=O][N][C][C][N][C][Ring1][Branch1][=O][C][=C][C][=C][C][=C][Ring1][=Branch1][C][=Branch1][C][=O][N][Ring2][Ring1][Branch2][C@H1][Ring2][Ring1][N][C][=Branch1][C][=O][O],"InChI=1S/C20H23N5O6S/c1-20(2)13(17(28)29)25-15(27)12(16(25)32-20)22-14(26)11(10-6-4-3-5-7-10)23-19(31)24-9-8-21-18(24)30/h3-7,11-13,16H,8-9H2,1-2H3,(H,21,30)(H,22,26)(H,23,31)(H,28,29)/t11-,12-,13+,16-/m1/s1",JTWOMNBEOCYFNV-NFFDBFGFSA-N
75,MEROPENEM,C[C@@H](O)[C@H]1C(=O)N2C(C(=O)O)=C(S[C@@H]3CN[C@H](C(=O)N(C)C)C3)[C@H](C)[C@H]12,C[C@@H](O)[C@H]1C(=O)N2C(C(=O)O)=C(S[C@@H]3CN[C@H](C(=O)N(C)C)C3)[C@H](C)[C@H]12,[C][C@@H1][Branch1][C][O][C@H1][C][=Branch1][C][=O][N][C][Branch1][=Branch1][C][=Branch1][C][=O][O][=C][Branch2][Ring1][Ring2][S][C@@H1][C][N][C@H1][Branch1][#Branch2][C][=Branch1][C][=O][N][Branch1][C][C][C][C][Ring1][#Branch2][C@H1][Branch1][C][C][C@H1][Ring2][Ring1][#Branch1][Ring2][Ring1][Ring2],"InChI=1S/C17H25N3O5S/c1-7-12-11(8(2)21)16(23)20(12)13(17(24)25)14(7)26-9-5-10(18-6-9)15(22)19(3)4/h7-12,18,21H,5-6H2,1-4H3,(H,24,25)/t7-,8-,9+,10+,11-,12-/m1/s1",DMJNNHOOLUXYBV-PQTSNVLCSA-N
76,CEFAMANDOLE,Cn1nnnc1SCC1=C(C(=O)O)N2C(=O)[C@@H](NC(=O)[C@H](O)c3ccccc3)[C@H]2SC1,Cn1nnnc1SCC1=C(C(=O)O)N2C(=O)[C@@H](NC(=O)[C@H](O)c3ccccc3)[C@H]2SC1,[C][N][N][=N][N][=C][Ring1][Branch1][S][C][C][=C][Branch1][=Branch1][C][=Branch1][C][=O][O][N][C][=Branch1][C][=O][C@@H1][Branch2][Ring1][C][N][C][=Branch1][C][=O][C@H1][Branch1][C][O][C][=C][C][=C][C][=C][Ring1][=Branch1][C@H1][Ring1][S][S][C][Ring2][Ring1][#Branch1],"InChI=1S/C18H18N6O5S2/c1-23-18(20-21-22-23)31-8-10-7-30-16-11(15(27)24(16)12(10)17(28)29)19-14(26)13(25)9-5-3-2-4-6-9/h2-6,11,13,16,25H,7-8H2,1H3,(H,19,26)(H,28,29)/t11-,13-,16-/m1/s1",OLVCFLKTBJRLHI-AXAPSJFSSA-N
77,LYMECYCLINE,CN(C)[C@@H]1C(O)=C(C(=O)NCNCCCC[C@H](N)C(=O)O)C(=O)[C@@]2(O)C(O)=C3C(=O)c4c(O)cccc4[C@@](C)(O)[C@H]3C[C@@H]12,CN(C)[C@@H]1C(O)=C(C(=O)NCNCCCC[C@H](N)C(=O)O)C(=O)[C@@]2(O)C(O)=C3C(=O)c4c(O)cccc4[C@@](C)(O)[C@H]3C[C@@H]12,[C][N][Branch1][C][C][C@@H1][C][Branch1][C][O][=C][Branch2][Ring1][Branch1][C][=Branch1][C][=O][N][C][N][C][C][C][C][C@H1][Branch1][C][N][C][=Branch1][C][=O][O][C][=Branch1][C][=O][C@@][Branch1][C][O][C][Branch1][C][O][=C][C][=Branch1][C][=O][C][=C][Branch1][C][O][C][=C][C][=C][Ring1][#Branch1][C@@][Branch1][C][C][Branch1][C][O][C@H1][Ring1][=C][C][C@@H1][Ring2][Ring2][Branch2][Ring2][Ring1][Ring2],"InChI=1S/C29H38N4O10/c1-28(42)13-7-6-9-17(34)18(13)22(35)19-14(28)11-15-21(33(2)3)23(36)20(25(38)29(15,43)24(19)37)26(39)32-12-31-10-5-4-8-16(30)27(40)41/h6-7,9,14-16,21,31,34,36-37,42-43H,4-5,8,10-12,30H2,1-3H3,(H,32,39)(H,40,41)/t14-,15-,16-,21-,28+,29-/m0/s1",AHEVKYYGXVEWNO-UEPZRUIBSA-N
78,LEVOFLOXACIN,C[C@H]1COc2c(N3CCN(C)CC3)c(F)cc3c(=O)c(C(=O)O)cn1c23,C[C@H]1COc2c(N3CCN(C)CC3)c(F)cc3c(=O)c(C(=O)O)cn1c23,[C][C@H1][C][O][C][=C][Branch1][N][N][C][C][N][Branch1][C][C][C][C][Ring1][#Branch1][C][Branch1][C][F][=C][C][C][=Branch1][C][=O][C][Branch1][=Branch1][C][=Branch1][C][=O][O][=C][N][Ring2][Ring1][Branch2][C][Ring2][Ring1][=Branch1][=Ring1][#Branch2],"InChI=1S/C18H20FN3O4/c1-10-9-26-17-14-11(16(23)12(18(24)25)8-22(10)14)7-13(19)15(17)21-5-3-20(2)4-6-21/h7-8,10H,3-6,9H2,1-2H3,(H,24,25)/t10-/m0/s1",GSDSWSVVBLHKDQ-JTQLQIEISA-N
79,METHICILLIN,COc1cccc(OC)c1C(=O)N[C@@H]1C(=O)N2[C@@H]1SC(C)(C)[C@@H]2C(=O)O,COc1cccc(OC)c1C(=O)N[C@@H]1C(=O)N2[C@@H]1SC(C)(C)[C@@H]2C(=O)O,[C][O][C][=C][C][=C][C][Branch1][Ring1][O][C][=C][Ring1][Branch2][C][=Branch1][C][=O][N][C@@H1][C][=Branch1][C][=O][N][C@@H1][Ring1][Branch1][S][C][Branch1][C][C][Branch1][C][C][C@@H1][Ring1][#Branch1][C][=Branch1][C][=O][O],"InChI=1S/C17H20N2O6S/c1-17(2)12(16(22)23)19-14(21)11(15(19)26-17)18-13(20)10-8(24-3)6-5-7-9(10)25-4/h5-7,11-12,15H,1-4H3,(H,18,20)(H,22,23)/t11-,12+,15-/m1/s1",RJQXTJLFIWVMTO-TYNCELHUSA-N
80,LINCOMYCIN,CCC[C@@H]1C[C@@H](C(=O)N[C@@H]([C@H]2O[C@H](SC)[C@H](O)[C@@H](O)[C@H]2O)[C@@H](C)O)N(C)C1,CCC[C@@H]1C[C@@H](C(=O)N[C@@H]([C@H]2O[C@H](SC)[C@H](O)[C@@H](O)[C@H]2O)[C@@H](C)O)N(C)C1,[C][C][C][C@@H1][C][C@@H1][Branch2][Ring2][C][C][=Branch1][C][=O][N][C@@H1][Branch2][Ring1][Ring2][C@H1][O][C@H1][Branch1][Ring1][S][C][C@H1][Branch1][C][O][C@@H1][Branch1][C][O][C@H1][Ring1][#Branch2][O][C@@H1][Branch1][C][C][O][N][Branch1][C][C][C][Ring2][Ring1][Branch2],"InChI=1S/C18H34N2O6S/c1-5-6-10-7-11(20(3)8-10)17(25)19-12(9(2)21)16-14(23)13(22)15(24)18(26-16)27-4/h9-16,18,21-24H,5-8H2,1-4H3,(H,19,25)/t9-,10-,11+,12-,13+,14-,15-,16-,18-/m1/s1",OJMMVQQUTAEWLP-KIDUDLJLSA-N
81,CEFMENOXIME,CO/N=C(\C(=O)N[C@@H]1C(=O)N2C(C(=O)O)=C(CSc3nnnn3C)CS[C@H]12)c1csc(N)n1,CO/N=C(\C(=O)N[C@@H]1C(=O)N2C(C(=O)O)=C(CSc3nnnn3C)CS[C@H]12)c1csc(N)n1,[C][O][/N][=C][Branch2][Ring2][=Branch2][\C][=Branch1][C][=O][N][C@@H1][C][=Branch1][C][=O][N][C][Branch1][=Branch1][C][=Branch1][C][=O][O][=C][Branch1][O][C][S][C][=N][N][=N][N][Ring1][Branch1][C][C][S][C@H1][Ring2][Ring1][Ring2][Ring1][P][C][=C][S][C][Branch1][C][N][=N][Ring1][=Branch1],"InChI=1S/C16H17N9O5S3/c1-24-16(20-22-23-24)33-4-6-3-31-13-9(12(27)25(13)10(6)14(28)29)19-11(26)8(21-30-2)7-5-32-15(17)18-7/h5,9,13H,3-4H2,1-2H3,(H2,17,18)(H,19,26)(H,28,29)/b21-8-/t9-,13-/m1/s1",HJJDBAOLQAWBMH-YCRCPZNHSA-N
82,CEFUROXIME,CO/N=C(\C(=O)N[C@@H]1C(=O)N2C(C(=O)O)=C(COC(N)=O)CS[C@H]12)c1ccco1,CO/N=C(\C(=O)N[C@@H]1C(=O)N2C(C(=O)O)=C(COC(N)=O)CS[C@H]12)c1ccco1,[C][O][/N][=C][Branch2][Ring2][Branch1][\C][=Branch1][C][=O][N][C@@H1][C][=Branch1][C][=O][N][C][Branch1][=Branch1][C][=Branch1][C][=O][O][=C][Branch1][Branch2][C][O][C][Branch1][C][N][=O][C][S][C@H1][Ring1][P][Ring1][=C][C][=C][C][=C][O][Ring1][Branch1],"InChI=1S/C16H16N4O8S/c1-26-19-9(8-3-2-4-27-8)12(21)18-10-13(22)20-11(15(23)24)7(5-28-16(17)25)6-29-14(10)20/h2-4,10,14H,5-6H2,1H3,(H2,17,25)(H,18,21)(H,23,24)/b19-9-/t10-,14-/m1/s1",JFPVXVDWJQMJEE-IZRZKJBUSA-N
83,PENAMECILLIN,CC(=O)OCOC(=O)[C@@H]1N2C(=O)[C@@H](NC(=O)Cc3ccccc3)[C@H]2SC1(C)C,CC(=O)OCOC(=O)[C@@H]1N2C(=O)[C@@H](NC(=O)Cc3ccccc3)[C@H]2SC1(C)C,[C][C][=Branch1][C][=O][O][C][O][C][=Branch1][C][=O][C@@H1][N][C][=Branch1][C][=O][C@@H1][Branch1][#C][N][C][=Branch1][C][=O][C][C][=C][C][=C][C][=C][Ring1][=Branch1][C@H1][Ring1][#C][S][C][Ring2][Ring1][C][Branch1][C][C][C],"InChI=1S/C19H22N2O6S/c1-11(22)26-10-27-18(25)15-19(2,3)28-17-14(16(24)21(15)17)20-13(23)9-12-7-5-4-6-8-12/h4-8,14-15,17H,9-10H2,1-3H3,(H,20,23)/t14-,15+,17-/m1/s1",NLOOMWLTUVBWAW-HLLBOEOZSA-N
84,SULFAMERAZINE,Cc1ccnc(NS(=O)(=O)c2ccc(N)cc2)n1,Cc1ccnc(NS(=O)(=O)c2ccc(N)cc2)n1,[C][C][=C][C][=N][C][Branch2][Ring1][Ring2][N][S][=Branch1][C][=O][=Branch1][C][=O][C][=C][C][=C][Branch1][C][N][C][=C][Ring1][#Branch1][=N][Ring1][P],"InChI=1S/C11H12N4O2S/c1-8-6-7-13-11(14-8)15-18(16,17)10-4-2-9(12)3-5-10/h2-7H,12H2,1H3,(H,13,14,15)",QPPBRPIAZZHUNT-UHFFFAOYSA-N
85,TRIMETHOPRIM,COc1cc(Cc2cnc(N)nc2N)cc(OC)c1OC,COc1cc(Cc2cnc(N)nc2N)cc(OC)c1OC,[C][O][C][=C][C][Branch1][=C][C][C][=C][N][=C][Branch1][C][N][N][=C][Ring1][#Branch1][N][=C][C][Branch1][Ring1][O][C][=C][Ring1][P][O][C],"InChI=1S/C14H18N4O3/c1-19-10-5-8(6-11(20-2)12(10)21-3)4-9-7-17-14(16)18-13(9)15/h5-7H,4H2,1-3H3,(H4,15,16,17,18)",IEDVJHCEMCRBQM-UHFFFAOYSA-N
86,CLOXACILLIN,Cc1onc(-c2ccccc2Cl)c1C(=O)N[C@@H]1C(=O)N2[C@@H]1SC(C)(C)[C@@H]2C(=O)O,Cc1onc(-c2ccccc2Cl)c1C(=O)N[C@@H]1C(=O)N2[C@@H]1SC(C)(C)[C@@H]2C(=O)O,[C][C][O][N][=C][Branch1][#Branch2][C][=C][C][=C][C][=C][Ring1][=Branch1][Cl][C][=Ring1][N][C][=Branch1][C][=O][N][C@@H1][C][=Branch1][C][=O][N][C@@H1][Ring1][Branch1][S][C][Branch1][C][C][Branch1][C][C][C@@H1][Ring1][#Branch1][C][=Branch1][C][=O][O],"InChI=1S/C19H18ClN3O5S/c1-8-11(12(22-28-8)9-6-4-5-7-10(9)20)15(24)21-13-16(25)23-14(18(26)27)19(2,3)29-17(13)23/h4-7,13-14,17H,1-3H3,(H,21,24)(H,26,27)/t13-,14+,17-/m1/s1",LQOLIRLGBULYKD-JKIFEVAISA-N
87,LEFAMULIN,C=C[C@]1(C)C[C@@H](OC(=O)CS[C@@H]2CC[C@@H](N)C[C@H]2O)[C@]2(C)[C@H](C)CC[C@]3(CCC(=O)[C@H]32)[C@@H](C)[C@@H]1O,C=C[C@]1(C)C[C@@H](OC(=O)CS[C@@H]2CC[C@@H](N)C[C@H]2O)[C@]2(C)[C@H](C)CC[C@]3(CCC(=O)[C@H]32)[C@@H](C)[C@@H]1O,[C][=C][C@][Branch1][C][C][C][C@@H1][Branch2][Ring1][Ring2][O][C][=Branch1][C][=O][C][S][C@@H1][C][C][C@@H1][Branch1][C][N][C][C@H1][Ring1][#Branch1][O][C@][Branch1][C][C][C@H1][Branch1][C][C][C][C][C@][Branch1][N][C][C][C][=Branch1][C][=O][C@H1][Ring1][=Branch1][Ring1][N][C@@H1][Branch1][C][C][C@@H1][Ring2][Ring1][S][O],"InChI=1S/C28H45NO5S/c1-6-26(4)14-22(34-23(32)15-35-21-8-7-18(29)13-20(21)31)27(5)16(2)9-11-28(17(3)25(26)33)12-10-19(30)24(27)28/h6,16-18,20-22,24-25,31,33H,1,7-15,29H2,2-5H3/t16-,17+,18-,20-,21-,22-,24+,25+,26-,27+,28+/m1/s1",KPVIXBKIJXZQJX-FCEONZPQSA-N
88,CEFDINIR,C=CC1=C(C(=O)O)N2C(=O)[C@@H](NC(=O)/C(=N\O)c3csc(N)n3)[C@H]2SC1,C=CC1=C(C(=O)O)N2C(=O)[C@@H](NC(=O)/C(=N\O)c3csc(N)n3)[C@H]2SC1,[C][=C][C][=C][Branch1][=Branch1][C][=Branch1][C][=O][O][N][C][=Branch1][C][=O][C@@H1][Branch2][Ring1][Branch1][N][C][=Branch1][C][=O][/C][=Branch1][Ring1][=N][\O][C][=C][S][C][Branch1][C][N][=N][Ring1][=Branch1][C@H1][Ring1][P][S][C][Ring2][Ring1][Branch2],"InChI=1S/C14H13N5O5S2/c1-2-5-3-25-12-8(11(21)19(12)9(5)13(22)23)17-10(20)7(18-24)6-4-26-14(15)16-6/h2,4,8,12,24H,1,3H2,(H2,15,16)(H,17,20)(H,22,23)/b18-7-/t8-,12-/m1/s1",RTXOFQZKPXMALH-GHXIOONMSA-N
89,MOXIFLOXACIN,COc1c(N2C[C@@H]3CCCN[C@@H]3C2)c(F)cc2c(=O)c(C(=O)O)cn(C3CC3)c12,COc1c(N2C[C@@H]3CCCN[C@@H]3C2)c(F)cc2c(=O)c(C(=O)O)cn(C3CC3)c12,[C][O][C][=C][Branch1][=C][N][C][C@@H1][C][C][C][N][C@@H1][Ring1][=Branch1][C][Ring1][=Branch2][C][Branch1][C][F][=C][C][C][=Branch1][C][=O][C][Branch1][=Branch1][C][=Branch1][C][=O][O][=C][N][Branch1][=Branch1][C][C][C][Ring1][Ring1][C][Ring2][Ring1][O][=Ring1][=N],"InChI=1S/C21H24FN3O4/c1-29-20-17-13(19(26)14(21(27)28)9-25(17)12-4-5-12)7-15(22)18(20)24-8-11-3-2-6-23-16(11)10-24/h7,9,11-12,16,23H,2-6,8,10H2,1H3,(H,27,28)/t11-,16+/m0/s1",FABPRXSRWADJSP-MEDUHNTESA-N
90,PIPERACILLIN,CCN1CCN(C(=O)N[C@@H](C(=O)N[C@@H]2C(=O)N3[C@@H]2SC(C)(C)[C@@H]3C(=O)O)c2ccccc2)C(=O)C1=O,CCN1CCN(C(=O)N[C@@H](C(=O)N[C@@H]2C(=O)N3[C@@H]2SC(C)(C)[C@@H]3C(=O)O)c2ccccc2)C(=O)C1=O,[C][C][N][C][C][N][Branch2][Ring2][S][C][=Branch1][C][=O][N][C@@H1][Branch2][Ring1][#C][C][=Branch1][C][=O][N][C@@H1][C][=Branch1][C][=O][N][C@@H1][Ring1][Branch1][S][C][Branch1][C][C][Branch1][C][C][C@@H1][Ring1][#Branch1][C][=Branch1][C][=O][O][C][=C][C][=C][C][=C][Ring1][=Branch1][C][=Branch1][C][=O][C][Ring2][Ring1][P][=O],"InChI=1S/C23H27N5O7S/c1-4-26-10-11-27(19(32)18(26)31)22(35)25-13(12-8-6-5-7-9-12)16(29)24-14-17(30)28-15(21(33)34)23(2,3)36-20(14)28/h5-9,13-15,20H,4,10-11H2,1-3H3,(H,24,29)(H,25,35)(H,33,34)/t13-,14-,15+,20-/m1/s1",IVBHGBMCVLDMKU-GXNBUGAJSA-N
91,TELAVANCIN,CCCCCCCCCCNCCN[C@@]1(C)C[C@H](O[C@H]2[C@H](Oc3c4cc5cc3Oc3ccc(cc3Cl)[C@@H](O)[C@@H](NC(=O)[C@@H](CC(C)C)NC)C(=O)N[C@@H](CC(N)=O)C(=O)N[C@H]5C(=O)N[C@H]3C(=O)N[C@H](C(=O)N[C@H](C(=O)O)c5cc(O)c(CNCP(=O)(O)O)c(O)c5-c5cc3ccc5O)[C@H](O)c3ccc(c(Cl)c3)O4)O[C@H](CO)[C@@H](O)[C@@H]2O)O[C@@H](C)[C@H]1O,CCCCCCCCCCNCCN[C@@]1(C)C[C@H](O[C@H]2[C@H](Oc3c4cc5cc3Oc3ccc(cc3Cl)[C@@H](O)[C@@H](NC(=O)[C@@H](CC(C)C)NC)C(=O)N[C@@H](CC(N)=O)C(=O)N[C@H]5C(=O)N[C@H]3C(=O)N[C@H](C(=O)N[C@H](C(=O)O)c5cc(O)c(CNCP(=O)(O)O)c(O)c5-c5cc3ccc5O)[C@H](O)c3ccc(c(Cl)c3)O4)O[C@H](CO)[C@@H](O)[C@@H]2O)O[C@@H](C)[C@H]1O,[C][C][C][C][C][C][C][C][C][C][N][C][C][N][C@@][Branch1][C][C][C][C@H1][Branch2][N][P][O][C@H1][C@H1][Branch2][O][N][O][C][=C][C][=C][C][=C][Ring1][=Branch1][O][C][=C][C][=C][Branch1][=Branch1][C][=C][Ring1][=Branch1][Cl][C@@H1][Branch1][C][O][C@@H1][Branch1][P][N][C][=Branch1][C][=O][C@@H1][Branch1][#Branch1][C][C][Branch1][C][C][C][N][C][C][=Branch1][C][=O][N][C@@H1][Branch1][#Branch1][C][C][Branch1][C][N][=O][C][=Branch1][C][=O][N][C@H1][Ring2][Ring2][Ring2][C][=Branch1][C][=O][N][C@H1][C][=Branch1][C][=O][N][C@H1][Branch2][Branch1][Branch1][C][=Branch1][C][=O][N][C@H1][Branch1][=Branch1][C][=Branch1][C][=O][O][C][=C][C][Branch1][C][O][=C][Branch1][N][C][N][C][P][=Branch1][C][=O][Branch1][C][O][O][C][Branch1][C][O][=C][Ring1][#C][C][=C][C][Ring2][Ring1][=C][=C][C][=C][Ring1][=Branch1][O][C@H1][Branch1][C][O][C][=C][C][=C][Branch1][Branch2][C][Branch1][C][Cl][=C][Ring1][#Branch1][O][Ring2][#Branch1][Branch1][O][C@H1][Branch1][Ring1][C][O][C@@H1][Branch1][C][O][C@@H1][Ring2][#Branch1][S][O][O][C@@H1][Branch1][C][C][C@H1][Ring2][Branch2][#Branch2][O],"InChI=1S/C80H106Cl2N11O27P/c1-7-8-9-10-11-12-13-14-21-85-22-23-87-80(5)32-57(115-37(4)71(80)103)119-70-68(102)67(101)55(34-94)118-79(70)120-69-53-28-41-29-54(69)117-52-20-17-40(27-46(52)82)65(99)63-77(109)91-61(78(110)111)43-30-50(96)44(33-86-35-121(112,113)114)66(100)58(43)42-25-38(15-18-49(42)95)59(74(106)93-63)90-75(107)60(41)89-73(105)48(31-56(83)97)88-76(108)62(92-72(104)47(84-6)24-36(2)3)64(98)39-16-19-51(116-53)45(81)26-39/h15-20,25-30,36-37,47-48,55,57,59-65,67-68,70-71,79,84-87,94-96,98-103H,7-14,21-24,31-35H2,1-6H3,(H2,83,97)(H,88,108)(H,89,105)(H,90,107)(H,91,109)(H,92,104)(H,93,106)(H,110,111)(H2,112,113,114)/t37-,47+,48-,55+,57-,59+,60+,61-,62+,63-,64+,65+,67+,68-,70+,71+,79-,80-/m0/s1",ONUMZHGUFYIKPM-MXNFEBESSA-N
92,AZITHROMYCIN,CC[C@H]1OC(=O)[C@H](C)[C@@H](O[C@H]2C[C@@](C)(OC)[C@@H](O)[C@H](C)O2)[C@H](C)[C@@H](O[C@@H]2O[C@H](C)C[C@H](N(C)C)[C@H]2O)[C@](C)(O)C[C@@H](C)CN(C)[C@H](C)[C@@H](O)[C@]1(C)O,CC[C@H]1OC(=O)[C@H](C)[C@@H](O[C@H]2C[C@@](C)(OC)[C@@H](O)[C@H](C)O2)[C@H](C)[C@@H](O[C@@H]2O[C@H](C)C[C@H](N(C)C)[C@H]2O)[C@](C)(O)C[C@@H](C)CN(C)[C@H](C)[C@@H](O)[C@]1(C)O,[C][C][C@H1][O][C][=Branch1][C][=O][C@H1][Branch1][C][C][C@@H1][Branch2][Ring1][#Branch1][O][C@H1][C][C@@][Branch1][C][C][Branch1][Ring1][O][C][C@@H1][Branch1][C][O][C@H1][Branch1][C][C][O][Ring1][O][C@H1][Branch1][C][C][C@@H1][Branch2][Ring1][Branch1][O][C@@H1][O][C@H1][Branch1][C][C][C][C@H1][Branch1][=Branch1][N][Branch1][C][C][C][C@H1][Ring1][#Branch2][O][C@][Branch1][C][C][Branch1][C][O][C][C@@H1][Branch1][C][C][C][N][Branch1][C][C][C@H1][Branch1][C][C][C@@H1][Branch1][C][O][C@][Ring2][Ring2][S][Branch1][C][C][O],"InChI=1S/C38H72N2O12/c1-15-27-38(10,46)31(42)24(6)40(13)19-20(2)17-36(8,45)33(52-35-29(41)26(39(11)12)16-21(3)48-35)22(4)30(23(5)34(44)50-27)51-28-18-37(9,47-14)32(43)25(7)49-28/h20-33,35,41-43,45-46H,15-19H2,1-14H3/t20-,21-,22+,23-,24-,25+,26+,27-,28+,29-,30+,31-,32+,33-,35+,36-,37-,38-/m1/s1",MQTOSJVFKKJCRP-BICOPXKESA-N
93,SULFATHIAZOLE,Nc1ccc(S(=O)(=O)Nc2nccs2)cc1,Nc1ccc(S(=O)(=O)Nc2nccs2)cc1,[N][C][=C][C][=C][Branch1][S][S][=Branch1][C][=O][=Branch1][C][=O][N][C][=N][C][=C][S][Ring1][Branch1][C][=C][Ring1][#C],"InChI=1S/C9H9N3O2S2/c10-7-1-3-8(4-2-7)16(13,14)12-9-11-5-6-15-9/h1-6H,10H2,(H,11,12)",JNMRHUJNCSQMMB-UHFFFAOYSA-N
94,SULFAMETER,COc1cnc(NS(=O)(=O)c2ccc(N)cc2)nc1,COc1cnc(NS(=O)(=O)c2ccc(N)cc2)nc1,[C][O][C][=C][N][=C][Branch2][Ring1][Ring2][N][S][=Branch1][C][=O][=Branch1][C][=O][C][=C][C][=C][Branch1][C][N][C][=C][Ring1][#Branch1][N][=C][Ring1][P],"InChI=1S/C11H12N4O3S/c1-18-9-6-13-11(14-7-9)15-19(16,17)10-4-2-8(12)3-5-10/h2-7H,12H2,1H3,(H,13,14,15)",GPTONYMQFTZPKC-UHFFFAOYSA-N
95,PROCAINE BENZYLPENICILLIN,CC1(C)S[C@@H]2[C@H](NC(=O)Cc3ccccc3)C(=O)N2[C@H]1C(=O)O.CCN(CC)CCOC(=O)c1ccc(N)cc1,CC1(C)S[C@@H]2[C@H](NC(=O)Cc3ccccc3)C(=O)N2[C@H]1C(=O)O.CCN(CC)CCOC(=O)c1ccc(N)cc1,[C][C][Branch1][C][C][S][C@@H1][C@H1][Branch1][#C][N][C][=Branch1][C][=O][C][C][=C][C][=C][C][=C][Ring1][=Branch1][C][=Branch1][C][=O][N][Ring1][#C][C@H1][Ring2][Ring1][Ring1][C][=Branch1][C][=O][O].[C][C][N][Branch1][Ring1][C][C][C][C][O][C][=Branch1][C][=O][C][=C][C][=C][Branch1][C][N][C][=C][Ring1][#Branch1],"InChI=1S/C16H18N2O4S.C13H20N2O2/c1-16(2)12(15(21)22)18-13(20)11(14(18)23-16)17-10(19)8-9-6-4-3-5-7-9;1-3-15(4-2)9-10-17-13(16)11-5-7-12(14)8-6-11/h3-7,11-12,14H,8H2,1-2H3,(H,17,19)(H,21,22);5-8H,3-4,9-10,14H2,1-2H3/t11-,12+,14-;/m1./s1",WHRVRSCEWKLAHX-LQDWTQKMSA-N
96,DORIPENEM,C[C@@H](O)[C@H]1C(=O)N2C(C(=O)O)=C(S[C@@H]3CN[C@H](CNS(N)(=O)=O)C3)[C@H](C)[C@H]12,C[C@@H](O)[C@H]1C(=O)N2C(C(=O)O)=C(S[C@@H]3CN[C@H](CNS(N)(=O)=O)C3)[C@H](C)[C@H]12,[C][C@@H1][Branch1][C][O][C@H1][C][=Branch1][C][=O][N][C][Branch1][=Branch1][C][=Branch1][C][=O][O][=C][Branch2][Ring1][Branch1][S][C@@H1][C][N][C@H1][Branch1][O][C][N][S][Branch1][C][N][=Branch1][C][=O][=O][C][Ring1][O][C@H1][Branch1][C][C][C@H1][Ring2][Ring1][Branch2][Ring2][Ring1][Branch1],"InChI=1S/C15H24N4O6S2/c1-6-11-10(7(2)20)14(21)19(11)12(15(22)23)13(6)26-9-3-8(17-5-9)4-18-27(16,24)25/h6-11,17-18,20H,3-5H2,1-2H3,(H,22,23)(H2,16,24,25)/t6-,7-,8+,9+,10-,11-/m1/s1",AVAACINZEOAHHE-VFZPANTDSA-N
97,TALAMPICILLIN,CC1(C)S[C@@H]2[C@H](NC(=O)[C@H](N)c3ccccc3)C(=O)N2[C@H]1C(=O)OC1OC(=O)c2ccccc21,CC1(C)S[C@@H]2[C@H](NC(=O)[C@H](N)c3ccccc3)C(=O)N2[C@H]1C(=O)OC1OC(=O)c2ccccc21,[C][C][Branch1][C][C][S][C@@H1][C@H1][Branch2][Ring1][C][N][C][=Branch1][C][=O][C@H1][Branch1][C][N][C][=C][C][=C][C][=C][Ring1][=Branch1][C][=Branch1][C][=O][N][Ring1][S][C@H1][Ring2][Ring1][Ring2][C][=Branch1][C][=O][O][C][O][C][=Branch1][C][=O][C][=C][C][=C][C][=C][Ring1][=Branch1][Ring1][#Branch2],"InChI=1S/C24H23N3O6S/c1-24(2)17(22(31)33-23-14-11-7-6-10-13(14)21(30)32-23)27-19(29)16(20(27)34-24)26-18(28)15(25)12-8-4-3-5-9-12/h3-11,15-17,20,23H,25H2,1-2H3,(H,26,28)/t15-,16-,17+,20-,23?/m1/s1",SOROUYSPFADXSN-SUWVAFIASA-N
98,CEFONICID,O=C(O)C1=C(CSc2nnnn2CS(=O)(=O)O)CS[C@@H]2[C@H](NC(=O)[C@H](O)c3ccccc3)C(=O)N12,O=C(O)C1=C(CSc2nnnn2CS(=O)(=O)O)CS[C@@H]2[C@H](NC(=O)[C@H](O)c3ccccc3)C(=O)N12,[O][=C][Branch1][C][O][C][=C][Branch2][Ring1][Ring1][C][S][C][=N][N][=N][N][Ring1][Branch1][C][S][=Branch1][C][=O][=Branch1][C][=O][O][C][S][C@@H1][C@H1][Branch2][Ring1][C][N][C][=Branch1][C][=O][C@H1][Branch1][C][O][C][=C][C][=C][C][=C][Ring1][=Branch1][C][=Branch1][C][=O][N][Ring2][Ring1][S][Ring1][S],"InChI=1S/C18H18N6O8S3/c25-13(9-4-2-1-3-5-9)14(26)19-11-15(27)24-12(17(28)29)10(6-33-16(11)24)7-34-18-20-21-22-23(18)8-35(30,31)32/h1-5,11,13,16,25H,6-8H2,(H,19,26)(H,28,29)(H,30,31,32)/t11-,13-,16-/m1/s1",DYAIAHUQIPBDIP-AXAPSJFSSA-N
99,CEFOTAXIME,CO/N=C(\C(=O)N[C@@H]1C(=O)N2C(C(=O)O)=C(COC(C)=O)CS[C@H]12)c1csc(N)n1,CO/N=C(\C(=O)N[C@@H]1C(=O)N2C(C(=O)O)=C(COC(C)=O)CS[C@H]12)c1csc(N)n1,[C][O][/N][=C][Branch2][Ring2][Branch1][\C][=Branch1][C][=O][N][C@@H1][C][=Branch1][C][=O][N][C][Branch1][=Branch1][C][=Branch1][C][=O][O][=C][Branch1][Branch2][C][O][C][Branch1][C][C][=O][C][S][C@H1][Ring1][P][Ring1][=C][C][=C][S][C][Branch1][C][N][=N][Ring1][=Branch1],"InChI=1S/C16H17N5O7S2/c1-6(22)28-3-7-4-29-14-10(13(24)21(14)11(7)15(25)26)19-12(23)9(20-27-2)8-5-30-16(17)18-8/h5,10,14H,3-4H2,1-2H3,(H2,17,18)(H,19,23)(H,25,26)/b20-9-/t10-,14-/m1/s1",GPRBEKHLDVQUJE-QSWIMTSFSA-N
100,CHLORTETRACYCLINE,CN(C)[C@@H]1C(O)=C(C(N)=O)C(=O)[C@@]2(O)C(O)=C3C(=O)c4c(O)ccc(Cl)c4[C@@](C)(O)[C@H]3C[C@@H]12,CN(C)[C@@H]1C(O)=C(C(N)=O)C(=O)[C@@]2(O)C(O)=C3C(=O)c4c(O)ccc(Cl)c4[C@@](C)(O)[C@H]3C[C@@H]12,[C][N][Branch1][C][C][C@@H1][C][Branch1][C][O][=C][Branch1][=Branch1][C][Branch1][C][N][=O][C][=Branch1][C][=O][C@@][Branch1][C][O][C][Branch1][C][O][=C][C][=Branch1][C][=O][C][=C][Branch1][C][O][C][=C][C][Branch1][C][Cl][=C][Ring1][Branch2][C@@][Branch1][C][C][Branch1][C][O][C@H1][Ring1][#C][C][C@@H1][Ring2][Ring1][=C][Ring2][Ring1][Branch1],"InChI=1S/C22H23ClN2O8/c1-21(32)7-6-8-15(25(2)3)17(28)13(20(24)31)19(30)22(8,33)18(29)11(7)16(27)12-10(26)5-4-9(23)14(12)21/h4-5,7-8,15,26,28-29,32-33H,6H2,1-3H3,(H2,24,31)/t7-,8-,15-,21-,22-/m0/s1",CYDMQBQPVICBEU-XRNKAMNCSA-N
101,AZTREONAM,C[C@H]1[C@H](NC(=O)/C(=N\OC(C)(C)C(=O)O)c2csc(N)n2)C(=O)N1S(=O)(=O)O,C[C@H]1[C@H](NC(=O)/C(=N\OC(C)(C)C(=O)O)c2csc(N)n2)C(=O)N1S(=O)(=O)O,[C][C@H1][C@H1][Branch2][Ring1][P][N][C][=Branch1][C][=O][/C][=Branch1][#C][=N][\O][C][Branch1][C][C][Branch1][C][C][C][=Branch1][C][=O][O][C][=C][S][C][Branch1][C][N][=N][Ring1][=Branch1][C][=Branch1][C][=O][N][Ring2][Ring1][#Branch1][S][=Branch1][C][=O][=Branch1][C][=O][O],"InChI=1S/C13H17N5O8S2/c1-5-7(10(20)18(5)28(23,24)25)16-9(19)8(6-4-27-12(14)15-6)17-26-13(2,3)11(21)22/h4-5,7H,1-3H3,(H2,14,15)(H,16,19)(H,21,22)(H,23,24,25)/b17-8-/t5-,7-/m0/s1",WZPBZJONDBGPKJ-VEHQQRBSSA-N
102,DELAFLOXACIN,Nc1nc(-n2cc(C(=O)O)c(=O)c3cc(F)c(N4CC(O)C4)c(Cl)c32)c(F)cc1F,Nc1nc(-n2cc(C(=O)O)c(=O)c3cc(F)c(N4CC(O)C4)c(Cl)c32)c(F)cc1F,[N][C][=N][C][Branch2][Ring2][O][N][C][=C][Branch1][=Branch1][C][=Branch1][C][=O][O][C][=Branch1][C][=O][C][=C][C][Branch1][C][F][=C][Branch1][#Branch2][N][C][C][Branch1][C][O][C][Ring1][Branch1][C][Branch1][C][Cl][=C][Ring1][=N][Ring2][Ring1][Branch1][=C][Branch1][C][F][C][=C][Ring2][Ring1][N][F],"InChI=1S/C18H12ClF3N4O4/c19-12-13-7(1-9(20)14(12)25-3-6(27)4-25)15(28)8(18(29)30)5-26(13)17-11(22)2-10(21)16(23)24-17/h1-2,5-6,27H,3-4H2,(H2,23,24)(H,29,30)",DYDCPNMLZGFQTM-UHFFFAOYSA-N
103,FOSFOMYCIN,C[C@@H]1O[C@@H]1P(=O)(O)O,C[C@@H]1O[C@@H]1P(=O)(O)O,[C][C@@H1][O][C@@H1][Ring1][Ring1][P][=Branch1][C][=O][Branch1][C][O][O],"InChI=1S/C3H7O4P/c1-2-3(7-2)8(4,5)6/h2-3H,1H3,(H2,4,5,6)/t2-,3+/m0/s1",YMDXZJFXQJVXBF-STHAYSLISA-N
104,GEMIFLOXACIN,CO/N=C1\CN(c2nc3c(cc2F)c(=O)c(C(=O)O)cn3C2CC2)CC1CN,CO/N=C1\CN(c2nc3c(cc2F)c(=O)c(C(=O)O)cn3C2CC2)CC1CN,[C][O][/N][=C][\C][N][Branch2][Ring1][P][C][=N][C][=C][Branch1][=Branch1][C][=C][Ring1][=Branch1][F][C][=Branch1][C][=O][C][Branch1][=Branch1][C][=Branch1][C][=O][O][=C][N][Ring1][=N][C][C][C][Ring1][Ring1][C][C][Ring2][Ring1][#Branch1][C][N],"InChI=1S/C18H20FN5O4/c1-28-22-14-8-23(6-9(14)5-20)17-13(19)4-11-15(25)12(18(26)27)7-24(10-2-3-10)16(11)21-17/h4,7,9-10H,2-3,5-6,8,20H2,1H3,(H,26,27)/b22-14+",ZRCVYEYHRGVLOC-HYARGMPZSA-N
105,ENOXACIN,CCn1cc(C(=O)O)c(=O)c2cc(F)c(N3CCNCC3)nc21,CCn1cc(C(=O)O)c(=O)c2cc(F)c(N3CCNCC3)nc21,[C][C][N][C][=C][Branch1][=Branch1][C][=Branch1][C][=O][O][C][=Branch1][C][=O][C][=C][C][Branch1][C][F][=C][Branch1][=Branch2][N][C][C][N][C][C][Ring1][=Branch1][N][=C][Ring1][=N][Ring2][Ring1][Branch1],"InChI=1S/C15H17FN4O3/c1-2-19-8-10(15(22)23)12(21)9-7-11(16)14(18-13(9)19)20-5-3-17-4-6-20/h7-8,17H,2-6H2,1H3,(H,22,23)",IDYZIJYBMGIQMJ-UHFFFAOYSA-N
106,TROLEANDOMYCIN,CO[C@H]1C[C@H](O[C@H]2[C@H](C)[C@@H](O[C@@H]3O[C@H](C)C[C@H](N(C)C)[C@H]3OC(C)=O)[C@@H](C)C[C@@]3(CO3)C(=O)[C@H](C)[C@@H](OC(C)=O)[C@@H](C)[C@@H](C)OC(=O)[C@@H]2C)O[C@@H](C)[C@@H]1OC(C)=O,CO[C@H]1C[C@H](O[C@H]2[C@H](C)[C@@H](O[C@@H]3O[C@H](C)C[C@H](N(C)C)[C@H]3OC(C)=O)[C@@H](C)C[C@@]3(CO3)C(=O)[C@H](C)[C@@H](OC(C)=O)[C@@H](C)[C@@H](C)OC(=O)[C@@H]2C)O[C@@H](C)[C@@H]1OC(C)=O,[C][O][C@H1][C][C@H1][Branch2][#Branch1][Ring1][O][C@H1][C@H1][Branch1][C][C][C@@H1][Branch2][Ring1][#Branch2][O][C@@H1][O][C@H1][Branch1][C][C][C][C@H1][Branch1][=Branch1][N][Branch1][C][C][C][C@H1][Ring1][#Branch2][O][C][Branch1][C][C][=O][C@@H1][Branch1][C][C][C][C@@][Branch1][Branch1][C][O][Ring1][Ring1][C][=Branch1][C][=O][C@H1][Branch1][C][C][C@@H1][Branch1][#Branch1][O][C][Branch1][C][C][=O][C@@H1][Branch1][C][C][C@@H1][Branch1][C][C][O][C][=Branch1][C][=O][C@@H1][Ring2][Ring2][#Branch2][C][O][C@@H1][Branch1][C][C][C@@H1][Ring2][Branch1][Ring1][O][C][Branch1][C][C][=O],"InChI=1S/C41H67NO15/c1-19-17-41(18-49-41)38(46)23(5)34(53-27(9)43)21(3)25(7)52-39(47)24(6)35(56-32-16-31(48-14)36(26(8)51-32)54-28(10)44)22(4)33(19)57-40-37(55-29(11)45)30(42(12)13)15-20(2)50-40/h19-26,30-37,40H,15-18H2,1-14H3/t19-,20+,21-,22+,23+,24+,25+,26-,30-,31-,32-,33-,34-,35-,36-,37+,40-,41+/m0/s1",LQCLVBQBTUVCEQ-QTFUVMRISA-N
107,SPARFLOXACIN,C[C@@H]1CN(c2c(F)c(N)c3c(=O)c(C(=O)O)cn(C4CC4)c3c2F)C[C@H](C)N1,C[C@@H]1CN(c2c(F)c(N)c3c(=O)c(C(=O)O)cn(C4CC4)c3c2F)C[C@H](C)N1,[C][C@@H1][C][N][Branch2][Ring2][Branch2][C][=C][Branch1][C][F][C][Branch1][C][N][=C][C][=Branch1][C][=O][C][Branch1][=Branch1][C][=Branch1][C][=O][O][=C][N][Branch1][=Branch1][C][C][C][Ring1][Ring1][C][Ring1][=N][=C][Ring2][Ring1][Ring1][F][C][C@H1][Branch1][C][C][N][Ring2][Ring1][O],"InChI=1S/C19H22F2N4O3/c1-8-5-24(6-9(2)23-8)17-13(20)15(22)12-16(14(17)21)25(10-3-4-10)7-11(18(12)26)19(27)28/h7-10,23H,3-6,22H2,1-2H3,(H,27,28)/t8-,9+",DZZWHBIBMUVIIW-DTORHVGOSA-N
108,SULBACTAM,CC1(C)[C@H](C(=O)O)N2C(=O)C[C@H]2S1(=O)=O,CC1(C)[C@H](C(=O)O)N2C(=O)C[C@H]2S1(=O)=O,[C][C][Branch1][C][C][C@H1][Branch1][=Branch1][C][=Branch1][C][=O][O][N][C][=Branch1][C][=O][C][C@H1][Ring1][Branch1][S][Ring1][N][=Branch1][C][=O][=O],"InChI=1S/C8H11NO5S/c1-8(2)6(7(11)12)9-4(10)3-5(9)15(8,13)14/h5-6H,3H2,1-2H3,(H,11,12)/t5-,6+/m1/s1",FKENQMMABCRJMK-RITPCOANSA-N
109,ERTAPENEM,C[C@@H](O)[C@H]1C(=O)N2C(C(=O)O)=C(S[C@@H]3CN[C@H](C(=O)Nc4cccc(C(=O)O)c4)C3)[C@H](C)[C@H]12,C[C@@H](O)[C@H]1C(=O)N2C(C(=O)O)=C(S[C@@H]3CN[C@H](C(=O)Nc4cccc(C(=O)O)c4)C3)[C@H](C)[C@H]12,[C][C@@H1][Branch1][C][O][C@H1][C][=Branch1][C][=O][N][C][Branch1][=Branch1][C][=Branch1][C][=O][O][=C][Branch2][Ring1][S][S][C@@H1][C][N][C@H1][Branch2][Ring1][Branch1][C][=Branch1][C][=O][N][C][=C][C][=C][C][Branch1][=Branch1][C][=Branch1][C][=O][O][=C][Ring1][=Branch2][C][Ring1][P][C@H1][Branch1][C][C][C@H1][Ring2][Ring1][=C][Ring2][Ring1][O],"InChI=1S/C22H25N3O7S/c1-9-16-15(10(2)26)20(28)25(16)17(22(31)32)18(9)33-13-7-14(23-8-13)19(27)24-12-5-3-4-11(6-12)21(29)30/h3-6,9-10,13-16,23,26H,7-8H2,1-2H3,(H,24,27)(H,29,30)(H,31,32)/t9-,10-,13+,14+,15-,16-/m1/s1",JUZNIMUFDBIJCM-ANEDZVCMSA-N
110,CEFOXITIN,CO[C@@]1(NC(=O)Cc2cccs2)C(=O)N2C(C(=O)O)=C(COC(N)=O)CS[C@@H]21,CO[C@@]1(NC(=O)Cc2cccs2)C(=O)N2C(C(=O)O)=C(COC(N)=O)CS[C@@H]21,[C][O][C@@][Branch1][=C][N][C][=Branch1][C][=O][C][C][=C][C][=C][S][Ring1][Branch1][C][=Branch1][C][=O][N][C][Branch1][=Branch1][C][=Branch1][C][=O][O][=C][Branch1][Branch2][C][O][C][Branch1][C][N][=O][C][S][C@@H1][Ring1][=C][Ring2][Ring1][#Branch2],"InChI=1S/C16H17N3O7S2/c1-25-16(18-10(20)5-9-3-2-4-27-9)13(23)19-11(12(21)22)8(6-26-15(17)24)7-28-14(16)19/h2-4,14H,5-7H2,1H3,(H2,17,24)(H,18,20)(H,21,22)/t14-,16+/m1/s1",WZOZEZRFJCJXNZ-ZBFHGGJFSA-N
111,LOMEFLOXACIN,CCn1cc(C(=O)O)c(=O)c2cc(F)c(N3CCNC(C)C3)c(F)c21,CCn1cc(C(=O)O)c(=O)c2cc(F)c(N3CCNC(C)C3)c(F)c21,[C][C][N][C][=C][Branch1][=Branch1][C][=Branch1][C][=O][O][C][=Branch1][C][=O][C][=C][C][Branch1][C][F][=C][Branch1][N][N][C][C][N][C][Branch1][C][C][C][Ring1][#Branch1][C][Branch1][C][F][=C][Ring1][#C][Ring2][Ring1][#Branch1],"InChI=1S/C17H19F2N3O3/c1-3-21-8-11(17(24)25)16(23)10-6-12(18)15(13(19)14(10)21)22-5-4-20-9(2)7-22/h6,8-9,20H,3-5,7H2,1-2H3,(H,24,25)",ZEKZLJVOYLTDKK-UHFFFAOYSA-N
112,PENICILLIN V,CC1(C)S[C@@H]2[C@H](NC(=O)COc3ccccc3)C(=O)N2[C@H]1C(=O)O,CC1(C)S[C@@H]2[C@H](NC(=O)COc3ccccc3)C(=O)N2[C@H]1C(=O)O,[C][C][Branch1][C][C][S][C@@H1][C@H1][Branch1][S][N][C][=Branch1][C][=O][C][O][C][=C][C][=C][C][=C][Ring1][=Branch1][C][=Branch1][C][=O][N][Ring1][S][C@H1][Ring2][Ring1][Ring2][C][=Branch1][C][=O][O],"InChI=1S/C16H18N2O5S/c1-16(2)12(15(21)22)18-13(20)11(14(18)24-16)17-10(19)8-23-9-6-4-3-5-7-9/h3-7,11-12,14H,8H2,1-2H3,(H,17,19)(H,21,22)/t11-,12+,14-/m1/s1",BPLBGHOLXOTWMN-MBNYWOFBSA-N
113,ROXITHROMYCIN,CC[C@H]1OC(=O)[C@H](C)[C@@H](O[C@H]2C[C@@](C)(OC)[C@@H](O)[C@H](C)O2)[C@H](C)[C@@H](O[C@@H]2O[C@H](C)C[C@H](N(C)C)[C@H]2O)[C@](C)(O)C[C@@H](C)/C(=N\OCOCCOC)[C@H](C)[C@@H](O)[C@]1(C)O,CC[C@H]1OC(=O)[C@H](C)[C@@H](O[C@H]2C[C@@](C)(OC)[C@@H](O)[C@H](C)O2)[C@H](C)[C@@H](O[C@@H]2O[C@H](C)C[C@H](N(C)C)[C@H]2O)[C@](C)(O)C[C@@H](C)/C(=N\OCOCCOC)[C@H](C)[C@@H](O)[C@]1(C)O,[C][C][C@H1][O][C][=Branch1][C][=O][C@H1][Branch1][C][C][C@@H1][Branch2][Ring1][#Branch1][O][C@H1][C][C@@][Branch1][C][C][Branch1][Ring1][O][C][C@@H1][Branch1][C][O][C@H1][Branch1][C][C][O][Ring1][O][C@H1][Branch1][C][C][C@@H1][Branch2][Ring1][Branch1][O][C@@H1][O][C@H1][Branch1][C][C][C][C@H1][Branch1][=Branch1][N][Branch1][C][C][C][C@H1][Ring1][#Branch2][O][C@][Branch1][C][C][Branch1][C][O][C][C@@H1][Branch1][C][C][/C][=Branch1][=Branch2][=N][\O][C][O][C][C][O][C][C@H1][Branch1][C][C][C@@H1][Branch1][C][O][C@][Ring2][Branch1][=Branch1][Branch1][C][C][O],"InChI=1S/C41H76N2O15/c1-15-29-41(10,49)34(45)24(4)31(42-53-21-52-17-16-50-13)22(2)19-39(8,48)36(58-38-32(44)28(43(11)12)18-23(3)54-38)25(5)33(26(6)37(47)56-29)57-30-20-40(9,51-14)35(46)27(7)55-30/h22-30,32-36,38,44-46,48-49H,15-21H2,1-14H3/b42-31+/t22-,23-,24+,25+,26-,27+,28+,29-,30+,32-,33+,34-,35+,36-,38+,39-,40-,41-/m1/s1",RXZBMPWDPOLZGW-XMRMVWPWSA-N
114,HETACILLIN,CC1(C)S[C@@H]2[C@H](N3C(=O)[C@@H](c4ccccc4)NC3(C)C)C(=O)N2[C@H]1C(=O)O,CC1(C)S[C@@H]2[C@H](N3C(=O)[C@@H](c4ccccc4)NC3(C)C)C(=O)N2[C@H]1C(=O)O,[C][C][Branch1][C][C][S][C@@H1][C@H1][Branch2][Ring1][=Branch2][N][C][=Branch1][C][=O][C@@H1][Branch1][=Branch2][C][=C][C][=C][C][=C][Ring1][=Branch1][N][C][Ring1][N][Branch1][C][C][C][C][=Branch1][C][=O][N][Ring2][Ring1][Ring1][C@H1][Ring2][Ring1][#Branch1][C][=Branch1][C][=O][O],"InChI=1S/C19H23N3O4S/c1-18(2)13(17(25)26)21-15(24)12(16(21)27-18)22-14(23)11(20-19(22,3)4)10-8-6-5-7-9-10/h5-9,11-13,16,20H,1-4H3,(H,25,26)/t11-,12-,13+,16-/m1/s1",DXVUYOAEDJXBPY-NFFDBFGFSA-N
115,CEFPIRAMIDE,Cc1cc(O)c(C(=O)N[C@@H](C(=O)N[C@@H]2C(=O)N3C(C(=O)O)=C(CSc4nnnn4C)CS[C@H]23)c2ccc(O)cc2)cn1,Cc1cc(O)c(C(=O)N[C@@H](C(=O)N[C@@H]2C(=O)N3C(C(=O)O)=C(CSc4nnnn4C)CS[C@H]23)c2ccc(O)cc2)cn1,[C][C][=C][C][Branch1][C][O][=C][Branch2][Branch1][=N][C][=Branch1][C][=O][N][C@@H1][Branch2][Ring2][=Branch2][C][=Branch1][C][=O][N][C@@H1][C][=Branch1][C][=O][N][C][Branch1][=Branch1][C][=Branch1][C][=O][O][=C][Branch1][O][C][S][C][=N][N][=N][N][Ring1][Branch1][C][C][S][C@H1][Ring2][Ring1][Ring2][Ring1][P][C][=C][C][=C][Branch1][C][O][C][=C][Ring1][#Branch1][C][=N][Ring2][Ring2][=Branch2],"InChI=1S/C25H24N8O7S2/c1-11-7-16(35)15(8-26-11)20(36)27-17(12-3-5-14(34)6-4-12)21(37)28-18-22(38)33-19(24(39)40)13(9-41-23(18)33)10-42-25-29-30-31-32(25)2/h3-8,17-18,23,34H,9-10H2,1-2H3,(H,26,35)(H,27,36)(H,28,37)(H,39,40)/t17-,18-,23-/m1/s1",PWAUCHMQEXVFJR-PMAPCBKXSA-N
116,LINEZOLID,CC(=O)NC[C@H]1CN(c2ccc(N3CCOCC3)c(F)c2)C(=O)O1,CC(=O)NC[C@H]1CN(c2ccc(N3CCOCC3)c(F)c2)C(=O)O1,[C][C][=Branch1][C][=O][N][C][C@H1][C][N][Branch2][Ring1][=Branch1][C][=C][C][=C][Branch1][=Branch2][N][C][C][O][C][C][Ring1][=Branch1][C][Branch1][C][F][=C][Ring1][=N][C][=Branch1][C][=O][O][Ring2][Ring1][Ring1],"InChI=1S/C16H20FN3O4/c1-11(21)18-9-13-10-20(16(22)24-13)12-2-3-15(14(17)8-12)19-4-6-23-7-5-19/h2-3,8,13H,4-7,9-10H2,1H3,(H,18,21)/t13-/m0/s1",TYZROVQLWOKYKF-ZDUSSCGKSA-N
117,CEPHALOTHIN,CC(=O)OCC1=C(C(=O)O)N2C(=O)[C@@H](NC(=O)Cc3cccs3)[C@H]2SC1,CC(=O)OCC1=C(C(=O)O)N2C(=O)[C@@H](NC(=O)Cc3cccs3)[C@H]2SC1,[C][C][=Branch1][C][=O][O][C][C][=C][Branch1][=Branch1][C][=Branch1][C][=O][O][N][C][=Branch1][C][=O][C@@H1][Branch1][=C][N][C][=Branch1][C][=O][C][C][=C][C][=C][S][Ring1][Branch1][C@H1][Ring1][=C][S][C][Ring2][Ring1][Branch1],"InChI=1S/C16H16N2O6S2/c1-8(19)24-6-9-7-26-15-12(14(21)18(15)13(9)16(22)23)17-11(20)5-10-3-2-4-25-10/h2-4,12,15H,5-7H2,1H3,(H,17,20)(H,22,23)/t12-,15-/m1/s1",XIURVHNZVLADCM-IUODEOHRSA-N
118,TAZOBACTAM,C[C@]1(Cn2ccnn2)[C@H](C(=O)O)N2C(=O)C[C@H]2S1(=O)=O,C[C@]1(Cn2ccnn2)[C@H](C(=O)O)N2C(=O)C[C@H]2S1(=O)=O,[C][C@][Branch1][=Branch2][C][N][C][=C][N][=N][Ring1][Branch1][C@H1][Branch1][=Branch1][C][=Branch1][C][=O][O][N][C][=Branch1][C][=O][C][C@H1][Ring1][Branch1][S][Ring1][P][=Branch1][C][=O][=O],"InChI=1S/C10H12N4O5S/c1-10(5-13-3-2-11-12-13)8(9(16)17)14-6(15)4-7(14)20(10,18)19/h2-3,7-8H,4-5H2,1H3,(H,16,17)/t7-,8+,10+/m1/s1",LPQZKKCYTLCDGQ-WEDXCCLWSA-N
119,CINOXACIN,CCn1nc(C(=O)O)c(=O)c2cc3c(cc21)OCO3,CCn1nc(C(=O)O)c(=O)c2cc3c(cc21)OCO3,[C][C][N][N][=C][Branch1][=Branch1][C][=Branch1][C][=O][O][C][=Branch1][C][=O][C][=C][C][=C][Branch1][#Branch1][C][=C][Ring1][=Branch1][Ring1][=C][O][C][O][Ring1][#Branch1],"InChI=1S/C12H10N2O5/c1-2-14-7-4-9-8(18-5-19-9)3-6(7)11(15)10(13-14)12(16)17/h3-4H,2,5H2,1H3,(H,16,17)",VDUWPHTZYNWKRN-UHFFFAOYSA-N
120,OMADACYCLINE,CN(C)c1cc(CNCC(C)(C)C)c(O)c2c1C[C@H]1C[C@H]3[C@H](N(C)C)C(O)=C(C(N)=O)C(=O)[C@@]3(O)C(O)=C1C2=O,CN(C)c1cc(CNCC(C)(C)C)c(O)c2c1C[C@H]1C[C@H]3[C@H](N(C)C)C(O)=C(C(N)=O)C(=O)[C@@]3(O)C(O)=C1C2=O,[C][N][Branch1][C][C][C][=C][C][Branch1][N][C][N][C][C][Branch1][C][C][Branch1][C][C][C][=C][Branch1][C][O][C][=C][Ring1][=C][C][C@H1][C][C@H1][C@H1][Branch1][=Branch1][N][Branch1][C][C][C][C][Branch1][C][O][=C][Branch1][=Branch1][C][Branch1][C][N][=O][C][=Branch1][C][=O][C@@][Ring1][=C][Branch1][C][O][C][Branch1][C][O][=C][Ring2][Ring1][Ring2][C][Ring2][Ring1][Branch2][=O],"InChI=1S/C29H40N4O7/c1-28(2,3)12-31-11-14-10-17(32(4)5)15-8-13-9-16-21(33(6)7)24(36)20(27(30)39)26(38)29(16,40)25(37)18(13)23(35)19(15)22(14)34/h10,13,16,21,31,34,36-37,40H,8-9,11-12H2,1-7H3,(H2,30,39)/t13-,16-,21-,29-/m0/s1",JEECQCWWSTZDCK-IQZGDKDPSA-N
121,CEFIDEROCOL,CC(C)(O/N=C(\C(=O)N[C@@H]1C(=O)N2C(C(=O)[O-])=C(C[N+]3(CCNC(=O)c4ccc(O)c(O)c4Cl)CCCC3)CS[C@H]12)c1csc(N)n1)C(=O)O,CC(C)(O/N=C(\C(=O)N[C@@H]1C(=O)N2C(C(=O)[O-])=C(C[N+]3(CCNC(=O)c4ccc(O)c(O)c4Cl)CCCC3)CS[C@H]12)c1csc(N)n1)C(=O)O,[C][C][Branch1][C][C][Branch2][#Branch1][Ring1][O][/N][=C][Branch2][=Branch1][Ring1][\C][=Branch1][C][=O][N][C@@H1][C][=Branch1][C][=O][N][C][Branch1][=Branch1][C][=Branch1][C][=O][O-1][=C][Branch2][Ring2][Ring1][C][N+1][Branch2][Ring1][#Branch1][C][C][N][C][=Branch1][C][=O][C][=C][C][=C][Branch1][C][O][C][Branch1][C][O][=C][Ring1][Branch2][Cl][C][C][C][C][Ring2][Ring1][Ring1][C][S][C@H1][Ring2][Ring1][S][Ring2][Ring1][=N][C][=C][S][C][Branch1][C][N][=N][Ring1][=Branch1][C][=Branch1][C][=O][O],"InChI=1S/C30H34ClN7O10S2/c1-30(2,28(46)47)48-36-19(16-13-50-29(32)34-16)24(42)35-20-25(43)37-21(27(44)45)14(12-49-26(20)37)11-38(8-3-4-9-38)10-7-33-23(41)15-5-6-17(39)22(40)18(15)31/h5-6,13,20,26H,3-4,7-12H2,1-2H3,(H7-,32,33,34,35,36,39,40,41,42,44,45,46,47)/t20-,26-/m1/s1",DBPPRLRVDVJOCL-FQRUVTKNSA-N
122,ORNIDAZOLE,Cc1ncc([N+](=O)[O-])n1CC(O)CCl,Cc1ncc([N+](=O)[O-])n1CC(O)CCl,[C][C][=N][C][=C][Branch1][=Branch1][N+1][=Branch1][C][=O][O-1][N][Ring1][Branch2][C][C][Branch1][C][O][C][Cl],"InChI=1S/C7H10ClN3O3/c1-5-9-3-7(11(13)14)10(5)4-6(12)2-8/h3,6,12H,2,4H2,1H3",IPWKIXLWTCNBKN-UHFFFAOYSA-N
123,SULFAMETHIZOLE,Cc1nnc(NS(=O)(=O)c2ccc(N)cc2)s1,Cc1nnc(NS(=O)(=O)c2ccc(N)cc2)s1,[C][C][=N][N][=C][Branch2][Ring1][Ring2][N][S][=Branch1][C][=O][=Branch1][C][=O][C][=C][C][=C][Branch1][C][N][C][=C][Ring1][#Branch1][S][Ring1][S],"InChI=1S/C9H10N4O2S2/c1-6-11-12-9(16-6)13-17(14,15)8-4-2-7(10)3-5-8/h2-5H,10H2,1H3,(H,12,13)",VACCAVUAMIDAGB-UHFFFAOYSA-N
124,CEFOTIAM,CN(C)CCn1nnnc1SCC1=C(C(=O)O)N2C(=O)[C@@H](NC(=O)Cc3csc(N)n3)[C@H]2SC1,CN(C)CCn1nnnc1SCC1=C(C(=O)O)N2C(=O)[C@@H](NC(=O)Cc3csc(N)n3)[C@H]2SC1,[C][N][Branch1][C][C][C][C][N][N][=N][N][=C][Ring1][Branch1][S][C][C][=C][Branch1][=Branch1][C][=Branch1][C][=O][O][N][C][=Branch1][C][=O][C@@H1][Branch1][P][N][C][=Branch1][C][=O][C][C][=C][S][C][Branch1][C][N][=N][Ring1][=Branch1][C@H1][Ring1][#C][S][C][Ring2][Ring1][=Branch1],"InChI=1S/C18H23N9O4S3/c1-25(2)3-4-26-18(22-23-24-26)34-7-9-6-32-15-12(14(29)27(15)13(9)16(30)31)21-11(28)5-10-8-33-17(19)20-10/h8,12,15H,3-7H2,1-2H3,(H2,19,20)(H,21,28)(H,30,31)/t12-,15-/m1/s1",QYQDKDWGWDOFFU-IUODEOHRSA-N
125,SULFALENE,COc1nccnc1NS(=O)(=O)c1ccc(N)cc1,COc1nccnc1NS(=O)(=O)c1ccc(N)cc1,[C][O][C][=N][C][=C][N][=C][Ring1][=Branch1][N][S][=Branch1][C][=O][=Branch1][C][=O][C][=C][C][=C][Branch1][C][N][C][=C][Ring1][#Branch1],"InChI=1S/C11H12N4O3S/c1-18-11-10(13-6-7-14-11)15-19(16,17)9-4-2-8(12)3-5-9/h2-7H,12H2,1H3,(H,13,15)",KXRZBTAEDBELFD-UHFFFAOYSA-N
126,CEFAZOLIN,Cc1nnc(SCC2=C(C(=O)O)N3C(=O)[C@@H](NC(=O)Cn4cnnn4)[C@H]3SC2)s1,Cc1nnc(SCC2=C(C(=O)O)N3C(=O)[C@@H](NC(=O)Cn4cnnn4)[C@H]3SC2)s1,[C][C][=N][N][=C][Branch2][Ring2][=Branch2][S][C][C][=C][Branch1][=Branch1][C][=Branch1][C][=O][O][N][C][=Branch1][C][=O][C@@H1][Branch1][=C][N][C][=Branch1][C][=O][C][N][C][=N][N][=N][Ring1][Branch1][C@H1][Ring1][=C][S][C][Ring2][Ring1][Branch1][S][Ring2][Ring1][N],"InChI=1S/C14H14N8O4S3/c1-6-17-18-14(29-6)28-4-7-3-27-12-9(11(24)22(12)10(7)13(25)26)16-8(23)2-21-5-15-19-20-21/h5,9,12H,2-4H2,1H3,(H,16,23)(H,25,26)/t9-,12-/m1/s1",MLYYVTUWGNIJIB-BXKDBHETSA-N
127,CEFPODOXIME,COCC1=C(C(=O)O)N2C(=O)[C@@H](NC(=O)/C(=N\OC)c3csc(N)n3)[C@H]2SC1,COCC1=C(C(=O)O)N2C(=O)[C@@H](NC(=O)/C(=N\OC)c3csc(N)n3)[C@H]2SC1,[C][O][C][C][=C][Branch1][=Branch1][C][=Branch1][C][=O][O][N][C][=Branch1][C][=O][C@@H1][Branch2][Ring1][=Branch1][N][C][=Branch1][C][=O][/C][=Branch1][Ring2][=N][\O][C][C][=C][S][C][Branch1][C][N][=N][Ring1][=Branch1][C@H1][Ring2][Ring1][C][S][C][Ring2][Ring1][=Branch2],"InChI=1S/C15H17N5O6S2/c1-25-3-6-4-27-13-9(12(22)20(13)10(6)14(23)24)18-11(21)8(19-26-2)7-5-28-15(16)17-7/h5,9,13H,3-4H2,1-2H3,(H2,16,17)(H,18,21)(H,23,24)/b19-8-/t9-,13-/m1/s1",WYUSVOMTXWRGEK-HBWVYFAYSA-N
128,CARBENICILLIN,CC1(C)S[C@@H]2[C@H](NC(=O)C(C(=O)O)c3ccccc3)C(=O)N2[C@H]1C(=O)O,CC1(C)S[C@@H]2[C@H](NC(=O)C(C(=O)O)c3ccccc3)C(=O)N2[C@H]1C(=O)O,[C][C][Branch1][C][C][S][C@@H1][C@H1][Branch2][Ring1][=Branch1][N][C][=Branch1][C][=O][C][Branch1][=Branch1][C][=Branch1][C][=O][O][C][=C][C][=C][C][=C][Ring1][=Branch1][C][=Branch1][C][=O][N][Ring2][Ring1][C][C@H1][Ring2][Ring1][=Branch1][C][=Branch1][C][=O][O],"InChI=1S/C17H18N2O6S/c1-17(2)11(16(24)25)19-13(21)10(14(19)26-17)18-12(20)9(15(22)23)8-6-4-3-5-7-8/h3-7,9-11,14H,1-2H3,(H,18,20)(H,22,23)(H,24,25)/t9?,10-,11+,14-/m1/s1",FPPNZSSZRUTDAP-UWFZAAFLSA-N
129,SULFAPYRIDINE,Nc1ccc(S(=O)(=O)Nc2ccccn2)cc1,Nc1ccc(S(=O)(=O)Nc2ccccn2)cc1,[N][C][=C][C][=C][Branch1][P][S][=Branch1][C][=O][=Branch1][C][=O][N][C][=C][C][=C][C][=N][Ring1][=Branch1][C][=C][Ring1][S],"InChI=1S/C11H11N3O2S/c12-9-4-6-10(7-5-9)17(15,16)14-11-3-1-2-8-13-11/h1-8H,12H2,(H,13,14)",GECHUMIMRBOMGK-UHFFFAOYSA-N
130,NEOMYCIN,C1C(C(C(C(C1N)OC2C(C(C(C(O2)CN)O)O)N)OC3C(C(C(O3)CO)OC4C(C(C(C(O4)CN)O)O)N)O)O)N,NCC1OC(OC2C(CO)OC(OC3C(O)C(N)CC(N)C3OC3OC(CN)C(O)C(O)C3N)C2O)C(N)C(O)C1O,[N][C][C][O][C][Branch2][Branch1][Branch2][O][C][C][Branch1][Ring1][C][O][O][C][Branch2][Ring2][#Branch1][O][C][C][Branch1][C][O][C][Branch1][C][N][C][C][Branch1][C][N][C][Ring1][=Branch2][O][C][O][C][Branch1][Ring1][C][N][C][Branch1][C][O][C][Branch1][C][O][C][Ring1][#Branch2][N][C][Ring2][Ring1][=N][O][C][Branch1][C][N][C][Branch1][C][O][C][Ring2][Ring2][#Branch1][O],"InChI=1S/C23H46N6O13/c24-2-7-13(32)15(34)10(28)21(37-7)40-18-6(27)1-5(26)12(31)20(18)42-23-17(36)19(9(4-30)39-23)41-22-11(29)16(35)14(33)8(3-25)38-22/h5-23,30-36H,1-4,24-29H2",PGBHMTALBVVCIT-UHFFFAOYSA-N
131,GREPAFLOXACIN,Cc1c(F)c(N2CCNC(C)C2)cc2c1c(=O)c(C(=O)O)cn2C1CC1,Cc1c(F)c(N2CCNC(C)C2)cc2c1c(=O)c(C(=O)O)cn2C1CC1,[C][C][=C][Branch1][C][F][C][Branch1][N][N][C][C][N][C][Branch1][C][C][C][Ring1][#Branch1][=C][C][=C][Ring1][=C][C][=Branch1][C][=O][C][Branch1][=Branch1][C][=Branch1][C][=O][O][=C][N][Ring1][#Branch2][C][C][C][Ring1][Ring1],"InChI=1S/C19H22FN3O3/c1-10-8-22(6-5-21-10)15-7-14-16(11(2)17(15)20)18(24)13(19(25)26)9-23(14)12-3-4-12/h7,9-10,12,21H,3-6,8H2,1-2H3,(H,25,26)",AIJTTZAVMXIJGM-UHFFFAOYSA-N
132,NITROFURANTOIN,O=C1CN(/N=C/c2ccc([N+](=O)[O-])o2)C(=O)N1,O=C1CN(/N=C/c2ccc([N+](=O)[O-])o2)C(=O)N1,[O][=C][C][N][Branch1][P][/N][=C][/C][=C][C][=C][Branch1][=Branch1][N+1][=Branch1][C][=O][O-1][O][Ring1][Branch2][C][=Branch1][C][=O][N][Ring1][S],"InChI=1S/C8H6N4O5/c13-6-4-11(8(14)10-6)9-3-5-1-2-7(17-5)12(15)16/h1-3H,4H2,(H,10,13,14)/b9-3+",NXFQHRVNIOXGAQ-YCRREMRBSA-N
133,CARBENICILLIN INDANYL,CC1(C)S[C@@H]2[C@H](NC(=O)C(C(=O)Oc3ccc4c(c3)CCC4)c3ccccc3)C(=O)N2[C@H]1C(=O)O,CC1(C)S[C@@H]2[C@H](NC(=O)C(C(=O)Oc3ccc4c(c3)CCC4)c3ccccc3)C(=O)N2[C@H]1C(=O)O,[C][C][Branch1][C][C][S][C@@H1][C@H1][Branch2][Ring2][=Branch1][N][C][=Branch1][C][=O][C][Branch2][Ring1][Branch1][C][=Branch1][C][=O][O][C][=C][C][=C][C][=Branch1][Ring2][=C][Ring1][=Branch1][C][C][C][Ring1][=Branch1][C][=C][C][=C][C][=C][Ring1][=Branch1][C][=Branch1][C][=O][N][Ring2][Ring1][O][C@H1][Ring2][Ring1][#C][C][=Branch1][C][=O][O],"InChI=1S/C26H26N2O6S/c1-26(2)20(24(31)32)28-22(30)19(23(28)35-26)27-21(29)18(15-7-4-3-5-8-15)25(33)34-17-12-11-14-9-6-10-16(14)13-17/h3-5,7-8,11-13,18-20,23H,6,9-10H2,1-2H3,(H,27,29)(H,31,32)/t18?,19-,20+,23-/m1/s1",JIRBAUWICKGBFE-MNRDOXJOSA-N
134,CEFTAZIDIME,CC(C)(O/N=C(\C(=O)N[C@@H]1C(=O)N2C(C(=O)[O-])=C(C[n+]3ccccc3)CS[C@H]12)c1csc(N)n1)C(=O)O,CC(C)(O/N=C(\C(=O)N[C@@H]1C(=O)N2C(C(=O)[O-])=C(C[n+]3ccccc3)CS[C@H]12)c1csc(N)n1)C(=O)O,[C][C][Branch1][C][C][Branch2][Branch1][Branch2][O][/N][=C][Branch2][Ring2][Branch2][\C][=Branch1][C][=O][N][C@@H1][C][=Branch1][C][=O][N][C][Branch1][=Branch1][C][=Branch1][C][=O][O-1][=C][Branch1][#Branch2][C][N+1][=C][C][=C][C][=C][Ring1][=Branch1][C][S][C@H1][Ring2][Ring1][Ring1][Ring1][S][C][=C][S][C][Branch1][C][N][=N][Ring1][=Branch1][C][=Branch1][C][=O][O],"InChI=1S/C22H22N6O7S2/c1-22(2,20(33)34)35-26-13(12-10-37-21(23)24-12)16(29)25-14-17(30)28-15(19(31)32)11(9-36-18(14)28)8-27-6-4-3-5-7-27/h3-7,10,14,18H,8-9H2,1-2H3,(H4-,23,24,25,29,31,32,33,34)/b26-13-/t14-,18-/m1/s1",ORFOPKXBNMVMKC-DWVKKRMSSA-N
135,BENZYLPENICILLIN,CC1(C)S[C@@H]2[C@H](NC(=O)Cc3ccccc3)C(=O)N2[C@H]1C(=O)O,CC1(C)S[C@@H]2[C@H](NC(=O)Cc3ccccc3)C(=O)N2[C@H]1C(=O)O,[C][C][Branch1][C][C][S][C@@H1][C@H1][Branch1][#C][N][C][=Branch1][C][=O][C][C][=C][C][=C][C][=C][Ring1][=Branch1][C][=Branch1][C][=O][N][Ring1][#C][C@H1][Ring2][Ring1][Ring1][C][=Branch1][C][=O][O],"InChI=1S/C16H18N2O4S/c1-16(2)12(15(21)22)18-13(20)11(14(18)23-16)17-10(19)8-9-6-4-3-5-7-9/h3-7,11-12,14H,8H2,1-2H3,(H,17,19)(H,21,22)/t11-,12+,14-/m1/s1",JGSARLDLIJGVTE-MBNYWOFBSA-N
136,TEMAFLOXACIN,CC1CN(c2cc3c(cc2F)c(=O)c(C(=O)O)cn3-c2ccc(F)cc2F)CCN1,CC1CN(c2cc3c(cc2F)c(=O)c(C(=O)O)cn3-c2ccc(F)cc2F)CCN1,[C][C][C][N][Branch2][Ring2][Branch2][C][=C][C][=C][Branch1][=Branch1][C][=C][Ring1][=Branch1][F][C][=Branch1][C][=O][C][Branch1][=Branch1][C][=Branch1][C][=O][O][=C][N][Ring1][=N][C][=C][C][=C][Branch1][C][F][C][=C][Ring1][#Branch1][F][C][C][N][Ring2][Ring1][=N],"InChI=1S/C21H18F3N3O3/c1-11-9-26(5-4-25-11)19-8-18-13(7-16(19)24)20(28)14(21(29)30)10-27(18)17-3-2-12(22)6-15(17)23/h2-3,6-8,10-11,25H,4-5,9H2,1H3,(H,29,30)",QKDHBVNJCZBTMR-UHFFFAOYSA-N
137,MEZLOCILLIN,CC1(C)S[C@@H]2[C@H](NC(=O)[C@H](NC(=O)N3CCN(S(C)(=O)=O)C3=O)c3ccccc3)C(=O)N2[C@H]1C(=O)O,CC1(C)S[C@@H]2[C@H](NC(=O)[C@H](NC(=O)N3CCN(S(C)(=O)=O)C3=O)c3ccccc3)C(=O)N2[C@H]1C(=O)O,[C][C][Branch1][C][C][S][C@@H1][C@H1][Branch2][Ring2][=Branch2][N][C][=Branch1][C][=O][C@H1][Branch2][Ring1][Branch2][N][C][=Branch1][C][=O][N][C][C][N][Branch1][=Branch2][S][Branch1][C][C][=Branch1][C][=O][=O][C][Ring1][=Branch2][=O][C][=C][C][=C][C][=C][Ring1][=Branch1][C][=Branch1][C][=O][N][Ring2][Ring1][N][C@H1][Ring2][Ring1][S][C][=Branch1][C][=O][O],"InChI=1S/C21H25N5O8S2/c1-21(2)14(18(29)30)26-16(28)13(17(26)35-21)22-15(27)12(11-7-5-4-6-8-11)23-19(31)24-9-10-25(20(24)32)36(3,33)34/h4-8,12-14,17H,9-10H2,1-3H3,(H,22,27)(H,23,31)(H,29,30)/t12-,13-,14+,17-/m1/s1",YPBATNHYBCGSSN-VWPFQQQWSA-N
138,PROPICILLIN,CCC(Oc1ccccc1)C(=O)N[C@@H]1C(=O)N2[C@@H]1SC(C)(C)[C@@H]2C(=O)O,CCC(Oc1ccccc1)C(=O)N[C@@H]1C(=O)N2[C@@H]1SC(C)(C)[C@@H]2C(=O)O,[C][C][C][Branch1][#Branch2][O][C][=C][C][=C][C][=C][Ring1][=Branch1][C][=Branch1][C][=O][N][C@@H1][C][=Branch1][C][=O][N][C@@H1][Ring1][Branch1][S][C][Branch1][C][C][Branch1][C][C][C@@H1][Ring1][#Branch1][C][=Branch1][C][=O][O],"InChI=1S/C18H22N2O5S/c1-4-11(25-10-8-6-5-7-9-10)14(21)19-12-15(22)20-13(17(23)24)18(2,3)26-16(12)20/h5-9,11-13,16H,4H2,1-3H3,(H,19,21)(H,23,24)/t11?,12-,13+,16-/m1/s1",HOCWPKXKMNXINF-XQERAMJGSA-N
139,CIPROFLOXACIN,O=C(O)c1cn(C2CC2)c2cc(N3CCNCC3)c(F)cc2c1=O,O=C(O)c1cn(C2CC2)c2cc(N3CCNCC3)c(F)cc2c1=O,[O][=C][Branch1][C][O][C][=C][N][Branch1][=Branch1][C][C][C][Ring1][Ring1][C][=C][C][Branch1][=Branch2][N][C][C][N][C][C][Ring1][=Branch1][=C][Branch1][C][F][C][=C][Ring1][=N][C][Ring2][Ring1][Ring2][=O],"InChI=1S/C17H18FN3O3/c18-13-7-11-14(8-15(13)20-5-3-19-4-6-20)21(10-1-2-10)9-12(16(11)22)17(23)24/h7-10,19H,1-6H2,(H,23,24)",MYSWGUAQZAJSOK-UHFFFAOYSA-N
140,NORFLOXACIN,CCn1cc(C(=O)O)c(=O)c2cc(F)c(N3CCNCC3)cc21,CCn1cc(C(=O)O)c(=O)c2cc(F)c(N3CCNCC3)cc21,[C][C][N][C][=C][Branch1][=Branch1][C][=Branch1][C][=O][O][C][=Branch1][C][=O][C][=C][C][Branch1][C][F][=C][Branch1][=Branch2][N][C][C][N][C][C][Ring1][=Branch1][C][=C][Ring1][=N][Ring2][Ring1][Branch1],"InChI=1S/C16H18FN3O3/c1-2-19-9-11(16(22)23)15(21)10-7-12(17)14(8-13(10)19)20-5-3-18-4-6-20/h7-9,18H,2-6H2,1H3,(H,22,23)",OGJPXUAPXNRGGI-UHFFFAOYSA-N
141,SULFANILAMIDE,Nc1ccc(S(N)(=O)=O)cc1,Nc1ccc(S(N)(=O)=O)cc1,[N][C][=C][C][=C][Branch1][=Branch2][S][Branch1][C][N][=Branch1][C][=O][=O][C][=C][Ring1][#Branch2],"InChI=1S/C6H8N2O2S/c7-5-1-3-6(4-2-5)11(8,9)10/h1-4H,7H2,(H2,8,9,10)",FDDDEECHVMSUSB-UHFFFAOYSA-N
142,OFLOXACIN,CC1COc2c(N3CCN(C)CC3)c(F)cc3c(=O)c(C(=O)O)cn1c23,CC1COc2c(N3CCN(C)CC3)c(F)cc3c(=O)c(C(=O)O)cn1c23,[C][C][C][O][C][=C][Branch1][N][N][C][C][N][Branch1][C][C][C][C][Ring1][#Branch1][C][Branch1][C][F][=C][C][C][=Branch1][C][=O][C][Branch1][=Branch1][C][=Branch1][C][=O][O][=C][N][Ring2][Ring1][Branch2][C][Ring2][Ring1][=Branch1][=Ring1][#Branch2],"InChI=1S/C18H20FN3O4/c1-10-9-26-17-14-11(16(23)12(18(24)25)8-22(10)14)7-13(19)15(17)21-5-3-20(2)4-6-21/h7-8,10H,3-6,9H2,1-2H3,(H,24,25)",GSDSWSVVBLHKDQ-UHFFFAOYSA-N
143,AMDINOCILLIN,CC1(C)S[C@@H]2[C@H](/N=C/N3CCCCCC3)C(=O)N2[C@H]1C(=O)O,CC1(C)S[C@@H]2[C@H](/N=C/N3CCCCCC3)C(=O)N2[C@H]1C(=O)O,[C][C][Branch1][C][C][S][C@@H1][C@H1][Branch1][N][/N][=C][/N][C][C][C][C][C][C][Ring1][#Branch1][C][=Branch1][C][=O][N][Ring1][=C][C@H1][Ring2][Ring1][C][C][=Branch1][C][=O][O],"InChI=1S/C15H23N3O3S/c1-15(2)11(14(20)21)18-12(19)10(13(18)22-15)16-9-17-7-5-3-4-6-8-17/h9-11,13H,3-8H2,1-2H3,(H,20,21)/b16-9+/t10-,11+,13-/m1/s1",BWWVAEOLVKTZFQ-ISVUSNJMSA-N
